taxon,run,region,season,part,species,grid_unit,n,median,p10,p90,boot1
bird,bird,north,,,AMRO,SpruceR,5,0.0442902566521419,0.0379413763365883,0.0557540594906282,0.0366555040643697
bird,bird,north,,,AMRO,Spruce1,5,0.0408098016975667,0.0346595753237898,0.0505490074514786,0.0316824231384449
bird,bird,north,,,AMRO,Spruce2,5,0.0223568138943468,0.0198452460371654,0.0314956944562484,0.0192954402592803
bird,bird,north,,,AMRO,Spruce3,5,0.0282197876525702,0.0227226500369451,0.0334435815845432,0.0224877396498874
bird,bird,north,,,AMRO,Spruce4,5,0.0286966101510099,0.0241515722810743,0.0355452381640002,0.0232956844547479
bird,bird,north,,,AMRO,Spruce5,5,0.0259967783663826,0.0241061211328703,0.0333311345682544,0.0237136213353724
bird,bird,north,,,AMRO,Spruce6,5,0.0256084396687642,0.0237326043053756,0.0301154335805333,0.0242932970642781
bird,bird,north,,,AMRO,Spruce7,5,0.0355022119350248,0.0334883836268896,0.0371290000914802,0.0355022119350248
bird,bird,north,,,AMRO,Spruce8,5,0.0259511693051065,0.0238440388296905,0.0355042866042287,0.0342038606878076
bird,bird,north,,,AMRO,PineR,5,0.0530403796885895,0.0431398970535729,0.064260145919267,0.0530403796885895
bird,bird,north,,,AMRO,Pine1,5,0.0445014547049733,0.0408394132453821,0.0593301117543581,0.0415420204206911
bird,bird,north,,,AMRO,Pine2,5,0.022846537656256,0.0217571641323105,0.0342575390680767,0.022846537656256
bird,bird,north,,,AMRO,Pine3,5,0.0277978308336986,0.0248246465856406,0.0362001025176557,0.0263660193170897
bird,bird,north,,,AMRO,Pine4,5,0.0282675236362283,0.0260556190004267,0.0382395504881352,0.0265862768154634
bird,bird,north,,,AMRO,Pine5,5,0.0270632486606675,0.0258485884345244,0.0362237879412676,0.0270632486606675
bird,bird,north,,,AMRO,Pine6,5,0.0271726628907815,0.0256204751176008,0.0332529073959584,0.0280985457002906
bird,bird,north,,,AMRO,Pine7,5,0.0397535674563186,0.0358143971689233,0.0406052378289512,0.0410632003502132
bird,bird,north,,,AMRO,Pine8,5,0.0286959465035972,0.0253257652108301,0.037154133458552,0.0379560705308812
bird,bird,north,,,AMRO,DecidR,5,0.0474674128228862,0.0414508731041969,0.0619980110530394,0.0440088010747368
bird,bird,north,,,AMRO,Decid1,5,0.0444289945916352,0.034966624584059,0.0540921839374352,0.0342898880426625
bird,bird,north,,,AMRO,Decid2,5,0.0245627636186317,0.0217303716974538,0.0342762042133,0.0218827520102022
bird,bird,north,,,AMRO,Decid3,5,0.0279854499894029,0.0263224312622206,0.0365690989217634,0.0255902028483798
bird,bird,north,,,AMRO,Decid4,5,0.0297592066443378,0.0274659579495495,0.038900114881078,0.0267508604288086
bird,bird,north,,,AMRO,Decid5,5,0.0295837450015427,0.0263040965898498,0.0369294169551003,0.0261273274602881
bird,bird,north,,,AMRO,Decid6,5,0.027182012927931,0.0267611173123457,0.0339362409246039,0.027182012927931
bird,bird,north,,,AMRO,Decid7,5,0.0401616660364199,0.0369122073960956,0.0421184396441549,0.039822133423833
bird,bird,north,,,AMRO,Decid8,5,0.0318205174224639,0.0261659250034069,0.0365730545427156,0.0367415739731917
bird,bird,north,,,AMRO,MixedwoodR,5,0.0485429076421296,0.0439211281004497,0.0658125883973857,0.0470223955153463
bird,bird,north,,,AMRO,Mixedwood1,5,0.048712396292556,0.0389357776121493,0.0579615565748635,0.038630648450565
bird,bird,north,,,AMRO,Mixedwood2,5,0.026930860948549,0.0239341293229536,0.0367415341657149,0.0245900453148193
bird,bird,north,,,AMRO,Mixedwood3,5,0.0297747561740773,0.0287644899418298,0.038894905950956,0.0280920013291388
bird,bird,north,,,AMRO,Mixedwood4,5,0.0323139356150363,0.0297643631357146,0.0413834425114011,0.0293661293415373
bird,bird,north,,,AMRO,Mixedwood5,5,0.0321234111734425,0.0288389037174122,0.0402602617128278,0.0296974295468082
bird,bird,north,,,AMRO,Mixedwood6,5,0.0290913911754907,0.0280991244272848,0.0368478234006121,0.0286928542458694
bird,bird,north,,,AMRO,Mixedwood7,5,0.0412524789933992,0.0392057309599574,0.0432773030422306,0.0412524789933992
bird,bird,north,,,AMRO,Mixedwood8,5,0.0309977852248766,0.0280007101351719,0.0382628039634285,0.0374699974200187
bird,bird,north,,,AMRO,TreedBogR,5,0.0337712977492606,0.0299890957799074,0.0371895501941989,0.028628369154061
bird,bird,north,,,AMRO,TreedBog1,5,0.0272670817801905,0.0230814179127418,0.0331290327634357,0.023775423915051
bird,bird,north,,,AMRO,TreedBog2,5,0.016869947271179,0.0140732244188988,0.0200044851625185,0.0152551161447426
bird,bird,north,,,AMRO,TreedBog3,5,0.0181679501483436,0.016766559881425,0.0209588625668935,0.0164980014548875
bird,bird,north,,,AMRO,TreedBog4,5,0.0186196302307698,0.0172603647904916,0.0220479655930649,0.0172462978508757
bird,bird,north,,,AMRO,TreedBog5,5,0.0186200564051621,0.0167160341057898,0.0213458167499747,0.0173835763845229
bird,bird,north,,,AMRO,TreedBog6,5,0.0186004269978386,0.0172687090678657,0.0213006894852984,0.0188125410572287
bird,bird,north,,,AMRO,TreedBog7,5,0.0271996785649599,0.023202733146016,0.0283371608084944,0.0275607079581844
bird,bird,north,,,AMRO,TreedBog8,5,0.0217917857354594,0.0162578166132046,0.0260000068895663,0.0262291429253524
bird,bird,north,,,AMRO,TreedFenR,5,0.0409513136681608,0.0379405730091816,0.0561033525620416,0.037550082764674
bird,bird,north,,,AMRO,TreedFen1,5,0.0381351455352466,0.0330098527614403,0.0507020390021051,0.0313131549498049
bird,bird,north,,,AMRO,TreedFen2,5,0.0202719594648607,0.0197373502791868,0.0308336623276856,0.019983092495697
bird,bird,north,,,AMRO,TreedFen3,5,0.0261986934884151,0.0222356459416357,0.0325304794148843,0.0224145726639231
bird,bird,north,,,AMRO,TreedFen4,5,0.0265129573757243,0.0236596976737338,0.0350830360901622,0.0234311978086551
bird,bird,north,,,AMRO,TreedFen5,5,0.0247151446652276,0.0238347809958303,0.0333746240820729,0.0236177130606111
bird,bird,north,,,AMRO,TreedFen6,5,0.0259137573034399,0.0238497099836002,0.0312579186163124,0.0256593125465256
bird,bird,north,,,AMRO,TreedFen7,5,0.0375913502248985,0.0350050227423771,0.0400889857932004,0.0375913502248985
bird,bird,north,,,AMRO,TreedFen8,5,0.028017194534647,0.0247965498235974,0.0369147244287134,0.034513852292505
bird,bird,north,,,AMRO,GrassHerb,5,0.0696717759059958,0.0563279318325428,0.103638548701311,0.0631701403962441
bird,bird,north,,,AMRO,Shrub,5,0.0462257501706309,0.0450081545836438,0.0865074953678965,0.0449062836010245
bird,bird,north,,,AMRO,GraminoidFen,5,0.0435039755068399,0.039609748875998,0.0644964879450108,0.0435039755068399
bird,bird,north,,,AMRO,Marsh,5,0.0415707134371832,0.0364209630223156,0.0518665421315538,0.035979087249624
bird,bird,north,,,AMRO,RoughP,5,0.0385563195351291,0.0363344070967659,0.055206517850837,0.0364825682256347
bird,bird,north,,,AMRO,TameP,5,0.0774042250270197,0.0620028450245654,0.100882423985758,0.0941964189389792
bird,bird,north,,,AMRO,Crop,5,0.0419157898842836,0.0401516559106409,0.0637727667227155,0.0419157898842836
bird,bird,north,,,AMRO,Industrial,5,0.0792903661964029,0.0550460485321331,0.0894840137169307,0.0792903661964029
bird,bird,north,,,AMRO,Mine,5,0.0588420456939569,0.0468716009484357,0.0785205294912552,0.047798489883647
bird,bird,north,,,AMRO,Rural,5,0.0676446716794018,0.0528863624326318,0.0816216856968155,0.0506689540468929
bird,bird,north,,,AMRO,Urban,5,0.0949196168449331,0.0631169659353919,0.123798691219467,0.0540813495950626
bird,bird,north,,,AMRO,CCSpruceR,5,0.0548660825144456,0.0479933108748037,0.0590882159677304,0.0469419021512667
bird,bird,north,,,AMRO,CCSpruce1,5,0.0447747119242866,0.0374941247843785,0.0482153089139789,0.0349383623549889
bird,bird,north,,,AMRO,CCSpruce2,5,0.0273079319960431,0.0209617909724678,0.0293550035480702,0.020443862083685
bird,bird,north,,,AMRO,CCSpruce3,5,0.0305351202782775,0.0280150152634986,0.0364973979957509,0.0266700280880372
bird,bird,north,,,AMRO,CCSpruce4,5,0.0327584413564801,0.0296678771529882,0.0347720295728306,0.0282036918494542
bird,bird,north,,,AMRO,CCPineR,5,0.0587289542125506,0.0545037899314608,0.0643275350286707,0.0648096538947272
bird,bird,north,,,AMRO,CCPine1,5,0.0477764208349119,0.0465879214890008,0.0522375563049639,0.0458237948697835
bird,bird,north,,,AMRO,CCPine2,5,0.0291278137079737,0.0234388210400162,0.031031150900466,0.024212962300131
bird,bird,north,,,AMRO,CCPine3,5,0.0318883379552167,0.0314207012241382,0.0376296107300506,0.0312781830485466
bird,bird,north,,,AMRO,CCPine4,5,0.034708581463643,0.0328511123216488,0.0351875395679085,0.0321963982534371
bird,bird,north,,,AMRO,CCDecidR,5,0.0553033244032425,0.0530273535377752,0.061586724212623,0.0530085091755344
bird,bird,north,,,AMRO,CCDecid1,5,0.043120628925648,0.0385491467386767,0.0444255720317088,0.0357037943333669
bird,bird,north,,,AMRO,CCDecid2,5,0.0288558692670304,0.0260702229575784,0.0338566182926065,0.0246364397196421
bird,bird,north,,,AMRO,CCDecid3,5,0.0347457154544072,0.0306724621978145,0.0384272847416732,0.0301948348653635
bird,bird,north,,,AMRO,CCDecid4,5,0.0280404566387451,0.0242070491683396,0.0325757924771638,0.0230467936267909
bird,bird,north,,,AMRO,CCMixedwoodR,5,0.0574889760040758,0.0557000226011299,0.0646503401706651,0.0572809332241251
bird,bird,north,,,AMRO,CCMixedwood1,5,0.046785288228572,0.0424283166951076,0.0489337743858751,0.0405907218237436
bird,bird,north,,,AMRO,CCMixedwood2,5,0.0315617719379096,0.028368125641873,0.0364177292376984,0.0276844141367307
bird,bird,north,,,AMRO,CCMixedwood3,5,0.0376202384178729,0.0341651244180073,0.0400249432321056,0.0331468002108714
bird,bird,north,,,AMRO,CCMixedwood4,5,0.0310755710481726,0.0262219679768314,0.0344681516878028,0.025299938458174
bird,bird,north,,,AMRO,ShrubbySwamp,5,0.0527884304766592,0.0421723986574587,0.0569610179761949,0.0383530768124443
bird,bird,north,,,AMRO,ShrubbyBog,5,0.0409723595332036,0.0372982692143881,0.058070128546272,0.0372286255705113
bird,bird,north,,,AMRO,ShrubbyFen,5,0.0414726585254478,0.0357054841577196,0.0536777984447897,0.0354572437572338
bird,bird,north,,,AMRO,TreedSwamp,5,0.0340052576529067,0.0300657914282681,0.0514556829568097,0.0298081110662516
bird,bird,north,,,YEWA,SpruceR,5,0.0252172608541989,0.0211892448134565,0.0326420392030509,0.020075883166563
bird,bird,north,,,YEWA,Spruce1,5,0.00957847171535926,0.00869474865056457,0.0186939282445539,0.00855962588062038
bird,bird,north,,,YEWA,Spruce2,5,0.00671772006347785,0.00562631582377599,0.0127650836706242,0.00637785443019538
bird,bird,north,,,YEWA,Spruce3,5,0.0079547936252342,0.00538982032166413,0.0128530874615283,0.00548514188142242
bird,bird,north,,,YEWA,Spruce4,5,0.0073795800653621,0.00493987007123621,0.0119671443320609,0.00518331479834531
bird,bird,north,,,YEWA,Spruce5,5,0.0059621166882862,0.00404771477128591,0.00925593320608986,0.004278041907003
bird,bird,north,,,YEWA,Spruce6,5,0.00630005543757491,0.00420283717995631,0.00958821378462626,0.00506842968826455
bird,bird,north,,,YEWA,Spruce7,5,0.00788860708930735,0.00546440539967634,0.0114170811282863,0.00631044917741408
bird,bird,north,,,YEWA,Spruce8,5,0.00261191053216785,0.00221885152371783,0.00370631555130206,0.00261191053216785
bird,bird,north,,,YEWA,PineR,5,0.0193326426396099,0.0161926065087714,0.0204550127337872,0.0150884357126666
bird,bird,north,,,YEWA,Pine1,5,0.00692773851708771,0.00658236010905898,0.010096599139533,0.00635776860034215
bird,bird,north,,,YEWA,Pine2,5,0.00482486303603439,0.00439512687098211,0.0073708482977548,0.00467969669325821
bird,bird,north,,,YEWA,Pine3,5,0.00486016193692089,0.00419200286450482,0.00715262973465363,0.00402467641829798
bird,bird,north,,,YEWA,Pine4,5,0.00437710020360468,0.00385034143157606,0.00667687943537023,0.00380321697838601
bird,bird,north,,,YEWA,Pine5,5,0.0033079054436797,0.00318633798041322,0.00513434051538391,0.00315451903780948
bird,bird,north,,,YEWA,Pine6,5,0.00372543470220038,0.00315876706844845,0.00518259365228388,0.00372543470220038
bird,bird,north,,,YEWA,Pine7,5,0.00473941782333137,0.00413092293363815,0.00734108833835859,0.00473941782333137
bird,bird,north,,,YEWA,Pine8,5,0.00222732045630849,0.0020500840283061,0.00357804579349459,0.00211934811922336
bird,bird,north,,,YEWA,DecidR,5,0.0252963798429963,0.0221556356887623,0.0376747347333419,0.0212328199437469
bird,bird,north,,,YEWA,Decid1,5,0.025305524684003,0.0244863874215621,0.0328499985926563,0.0245676481910559
bird,bird,north,,,YEWA,Decid2,5,0.0219283251638807,0.0179230481106008,0.0242276446424189,0.0219283251638807
bird,bird,north,,,YEWA,Decid3,5,0.0201057729275079,0.0193144044521349,0.0232604406483664,0.0201057729275079
bird,bird,north,,,YEWA,Decid4,5,0.0203394901670688,0.0179697834656007,0.023842919270437,0.0203394901670688
bird,bird,north,,,YEWA,Decid5,5,0.0166492147276428,0.0146717001943035,0.0179943753700752,0.0166492147276428
bird,bird,north,,,YEWA,Decid6,5,0.0179261135307521,0.0146624584973657,0.0215661526608369,0.0221834770312075
bird,bird,north,,,YEWA,Decid7,5,0.0287695199465869,0.0235838732493952,0.034634571956731,0.0322518452189387
bird,bird,north,,,YEWA,Decid8,5,0.0130093210294573,0.0104906982842883,0.014422899738834,0.013814377734289
bird,bird,north,,,YEWA,MixedwoodR,5,0.0123385275476214,0.0101784676984372,0.0137722286823989,0.0102526430752722
bird,bird,north,,,YEWA,Mixedwood1,5,0.0129786260131255,0.0123421738860962,0.0144735342506947,0.0129786260131255
bird,bird,north,,,YEWA,Mixedwood2,5,0.0113206338292679,0.00962976654406877,0.0127259559677431,0.0114689543598314
bird,bird,north,,,YEWA,Mixedwood3,5,0.0108635699078252,0.0104406693439287,0.0130427864294105,0.0107527091542589
bird,bird,north,,,YEWA,Mixedwood4,5,0.0108418040148146,0.00995943672919273,0.0128482717114086,0.0108418040148146
bird,bird,north,,,YEWA,Mixedwood5,5,0.00903203258657993,0.00866222533500599,0.0102498206934353,0.00917189565999901
bird,bird,north,,,YEWA,Mixedwood6,5,0.00791797939834463,0.00703451930522829,0.00989136822109605,0.00991274909224815
bird,bird,north,,,YEWA,Mixedwood7,5,0.012105038008011,0.00963939148772853,0.0130343298073576,0.0122753952613342
bird,bird,north,,,YEWA,Mixedwood8,5,0.00384730320245973,0.00351324693977617,0.00475114066512956,0.00508083101521146
bird,bird,north,,,YEWA,TreedBogR,5,0.0175562622358644,0.0133762584925577,0.0210596918644798,0.014389064730396
bird,bird,north,,,YEWA,TreedBog1,5,0.0190540711587852,0.0165229495850103,0.0269318503200431,0.0176170520836283
bird,bird,north,,,YEWA,TreedBog2,5,0.0154493119415555,0.0134641074631472,0.0241948349934878,0.0154474924476239
bird,bird,north,,,YEWA,TreedBog3,5,0.0164167330732665,0.0140825087649351,0.0243206882329333,0.0144827982262557
bird,bird,north,,,YEWA,TreedBog4,5,0.0153123548753616,0.0136387830508213,0.0250559321808117,0.0146511553377372
bird,bird,north,,,YEWA,TreedBog5,5,0.0123347862290518,0.0116778446420415,0.0191059217961641,0.0119928944561281
bird,bird,north,,,YEWA,TreedBog6,5,0.0138212433111611,0.0115802309482353,0.0201637017802267,0.0146130323425916
bird,bird,north,,,YEWA,TreedBog7,5,0.0185174886779727,0.0160949297319119,0.0296433944396947,0.0185174886779727
bird,bird,north,,,YEWA,TreedBog8,5,0.00697135796057667,0.00559569983927094,0.0112330460075968,0.00791716013839676
bird,bird,north,,,YEWA,TreedFenR,5,0.0196770970891706,0.0171397873180092,0.0255543074089766,0.0160209397065613
bird,bird,north,,,YEWA,TreedFen1,5,0.0241467003393235,0.0210335703923148,0.0310635608996568,0.019615034312116
bird,bird,north,,,YEWA,TreedFen2,5,0.0188566558879144,0.0176782515432501,0.0286933195887844,0.0175077663947453
bird,bird,north,,,YEWA,TreedFen3,5,0.0214560480184915,0.017471466939646,0.0290915664428136,0.0164144317707266
bird,bird,north,,,YEWA,TreedFen4,5,0.0201332733681646,0.0170731172366312,0.0298258946812116,0.016605243399554
bird,bird,north,,,YEWA,TreedFen5,5,0.017809865405493,0.013882881437064,0.0240757814763859,0.0135924970801031
bird,bird,north,,,YEWA,TreedFen6,5,0.0175700135857791,0.0150555535799166,0.0255388672839747,0.0163259597157937
bird,bird,north,,,YEWA,TreedFen7,5,0.0264687460074498,0.0195992896981854,0.037700688275869,0.020948293345875
bird,bird,north,,,YEWA,TreedFen8,5,0.00867052772108145,0.00714450679827112,0.0140520410758506,0.00867052772108145
bird,bird,north,,,YEWA,GrassHerb,5,0.0247942665650597,0.0221220303088086,0.0309798943763234,0.021553211587486
bird,bird,north,,,YEWA,Shrub,5,0.0167438292029234,0.0148803431886314,0.0207192004456286,0.0148960553874228
bird,bird,north,,,YEWA,GraminoidFen,5,0.0672236019845667,0.04819197675831,0.0907936517006859,0.0719755044501624
bird,bird,north,,,YEWA,Marsh,5,0.0269095330214598,0.0212589109161356,0.0299352297815013,0.018901297765308
bird,bird,north,,,YEWA,RoughP,5,0.0216690652030281,0.0192720705780085,0.0263561170944069,0.0216163865037365
bird,bird,north,,,YEWA,TameP,5,0.027205333993224,0.0236902654992096,0.0287640592573649,0.0252454982168646
bird,bird,north,,,YEWA,Crop,5,0.019888188982052,0.0164180138007495,0.0231348064822868,0.0160202980115463
bird,bird,north,,,YEWA,Industrial,5,0.0127836393693951,0.0109127278729873,0.0184800704038428,0.00969747700209829
bird,bird,north,,,YEWA,Mine,5,0.0176618835086965,0.0145062853644596,0.0203471328269016,0.0156407135413358
bird,bird,north,,,YEWA,Rural,5,0.0389064255981324,0.0308573431896291,0.0524950590036186,0.0257099309601401
bird,bird,north,,,YEWA,Urban,5,0.0153901741959434,0.0120957238082637,0.0252033051037356,0.0153901741959434
bird,bird,north,,,YEWA,CCSpruceR,5,0.0431720324932133,0.0337854142373539,0.044683567709013,0.0431720324932133
bird,bird,north,,,YEWA,CCSpruce1,5,0.0199250044887163,0.0194796484443229,0.0212473229177172,0.0194079845551292
bird,bird,north,,,YEWA,CCSpruce2,5,0.0130846107284879,0.0117191657740812,0.014020080588075,0.0124520266372939
bird,bird,north,,,YEWA,CCSpruce3,5,0.0131765741882947,0.00997929370740508,0.0173580925525614,0.0107710137647838
bird,bird,north,,,YEWA,CCSpruce4,5,0.00716844529547846,0.00638823134941302,0.0116302833192983,0.00628999073653532
bird,bird,north,,,YEWA,CCPineR,5,0.0289343915901491,0.020644860474546,0.0306700835284104,0.0289343915901491
bird,bird,north,,,YEWA,CCPine1,5,0.0132463244147424,0.011006209591813,0.0140314998178892,0.0132463244147424
bird,bird,north,,,YEWA,CCPine2,5,0.0084879333840464,0.00735335029030174,0.00982332816094415,0.0084879333840464
bird,bird,north,,,YEWA,CCPine3,5,0.00886991957290217,0.00728601602104798,0.00982723286093812,0.00729205786902497
bird,bird,north,,,YEWA,CCPine4,5,0.00516291247775066,0.00430660768207869,0.0066519536744779,0.00425837541296146
bird,bird,north,,,YEWA,CCDecidR,5,0.0393626865772772,0.0301395716602404,0.0415227531071398,0.0350621309510165
bird,bird,north,,,YEWA,CCDecid1,5,0.038908243739496,0.0330547109098666,0.0437031104186482,0.037595948256428
bird,bird,north,,,YEWA,CCDecid2,5,0.0323770641288264,0.0263794227769796,0.0359957237490745,0.0330340375452814
bird,bird,north,,,YEWA,CCDecid3,5,0.0220952849763002,0.0209430213031278,0.02560050655137,0.0217166888209874
bird,bird,north,,,YEWA,CCDecid4,5,0.020911571321784,0.0185039642913223,0.0249785106420815,0.0224941636382026
bird,bird,north,,,YEWA,CCMixedwoodR,5,0.0172413150233895,0.0132921388591543,0.0201359650077028,0.0181353539877801
bird,bird,north,,,YEWA,CCMixedwood1,5,0.0188644306889026,0.0146935152204791,0.020594294064939,0.0194923830129976
bird,bird,north,,,YEWA,CCMixedwood2,5,0.0166088860776952,0.0135134348504827,0.0169800793110858,0.0169565961138062
bird,bird,north,,,YEWA,CCMixedwood3,5,0.01180523920769,0.0112829421979872,0.0124906528648614,0.0116142383348088
bird,bird,north,,,YEWA,CCMixedwood4,5,0.011875921631321,0.0103638695297408,0.0121459955969613,0.0119903213362338
bird,bird,north,,,YEWA,ShrubbySwamp,5,0.0414061863826349,0.0279936578869992,0.0511835165171938,0.0298356911238971
bird,bird,north,,,YEWA,ShrubbyBog,5,0.0189428249185002,0.0165112329076622,0.0224661894603479,0.0163103741569554
bird,bird,north,,,YEWA,ShrubbyFen,5,0.025253631189968,0.0223710138106836,0.0394595137982641,0.0263073720097301
bird,bird,north,,,YEWA,TreedSwamp,5,0.0201850421882363,0.0179719556877051,0.0232226609525522,0.0178409577340367
bird,bird,south,,,AMRO,Loamy,5,0.0099453463633112,0.00904926905774915,0.0135583274885878,0.0122494221325064
bird,bird,south,,,AMRO,Blowout,5,0.00486110061740811,0.00421930955070651,0.00629533845480345,0.00522184864445689
bird,bird,south,,,AMRO,ClaySub,5,0.0102044208633063,0.00865310668774484,0.0145708244344866,0.0127204554639752
bird,bird,south,,,AMRO,Crop,5,0.018307134359615,0.0140270505937466,0.0228525484793672,0.0203434815427071
bird,bird,south,,,AMRO,Industrial,5,0.0117412015063187,0.0094957087536181,0.0155458757543567,0.0133075888731474
bird,bird,south,,,AMRO,Mine,5,0.0130323495297585,0.0079974601153472,0.0246304535779822,0.0130323495297585
bird,bird,south,,,AMRO,Other,5,0.0106156556959336,0.00874407821817452,0.0181453070565345,0.0144492880152384
bird,bird,south,,,AMRO,RapidDrain,5,0.0157744007969568,0.0118602045037777,0.0174907076775697,0.0161200527605684
bird,bird,south,,,AMRO,RoughP,5,0.00897317882459992,0.00688491300754547,0.0107816210770082,0.00944247099844065
bird,bird,south,,,AMRO,Rural,5,0.0445427891266765,0.0389854478090171,0.0576151684176703,0.0445427891266765
bird,bird,south,,,AMRO,SandyLoam,5,0.007362403427539,0.00628901832821767,0.0112450812995826,0.0110612341693847
bird,bird,south,,,AMRO,SoilUnknown,5,0.0107728423429594,0.00851530170473417,0.0144778401126145,0.0128004563053197
bird,bird,south,,,AMRO,TameP,5,0.0169805704866484,0.01512485640848,0.0225205235586839,0.0235183121766503
bird,bird,south,,,AMRO,ThinBreak,5,0.0124633844842131,0.00978744684689209,0.0157921792805079,0.0124633844842131
bird,bird,south,,,AMRO,Urban,5,0.142180457295616,0.0812075848191854,0.217757312251608,0.142180457295616
bird,bird,south,,,AMRO,Water,5,0.0108631451435177,0.0092965912051215,0.0187902338365357,0.0205100044641106
bird,bird,south,,,AMRO,Wellsites,5,0.0108631451435177,0.00904927920386456,0.0150493822863629,0.0133075888731474
bird,bird,south,,,YEWA,Loamy,5,0.128184815106834,0.0943599547866642,0.156513006422996,0.128184815106834
bird,bird,south,,,YEWA,Blowout,5,0.0635047587932724,0.0442653119260443,0.095362877645849,0.0600969786039604
bird,bird,south,,,YEWA,ClaySub,5,0.0807532793450908,0.0546354399979166,0.107438431314813,0.0807532793450908
bird,bird,south,,,YEWA,Crop,5,0.064398538697737,0.0342781226192859,0.0712609630801165,0.0492837942343025
bird,bird,south,,,YEWA,Industrial,5,0.0861802941104247,0.0635451115499483,0.114863448437255,0.0861802941104247
bird,bird,south,,,YEWA,Mine,5,0.138490472700304,0.0904304942454559,0.188041443007397,0.138490472700304
bird,bird,south,,,YEWA,Other,5,0.120159717829991,0.0724723919799819,0.176787258963612,0.178911491281807
bird,bird,south,,,YEWA,RapidDrain,5,0.165058608804408,0.126311501603039,0.199830460806787,0.136359582532564
bird,bird,south,,,YEWA,RoughP,5,0.0809890109278188,0.0543779257767213,0.108034787965453,0.0809890109278188
bird,bird,south,,,YEWA,Rural,5,0.105603244166847,0.0777190400181443,0.116904901322303,0.105603244166847
bird,bird,south,,,YEWA,SandyLoam,5,0.0863971934450074,0.0688423393972756,0.0996537212799053,0.0808960129186022
bird,bird,south,,,YEWA,SoilUnknown,5,0.106908351611248,0.074711285828843,0.139223230386544,0.106908351611248
bird,bird,south,,,YEWA,TameP,5,0.105982875599298,0.0679657932040902,0.146561452065362,0.131510554897273
bird,bird,south,,,YEWA,ThinBreak,5,0.344263735839286,0.191629158730364,0.449320780877375,0.230458877422009
bird,bird,south,,,YEWA,Urban,5,0.390289654098494,0.218824596719039,0.413076872519566,0.398893447945759
bird,bird,south,,,YEWA,Water,5,0.0861802941104247,0.0600925730335339,0.111068355802983,0.0861802941104247
bird,bird,south,,,YEWA,Wellsites,5,0.0861802941104247,0.0600925730335339,0.111068355802983,0.0861802941104247
bryophyte,bryophyte,north,,,Bryum.All,WhiteSpruce,5,0.308974089719752,0.162667711674282,0.58049049729367,0.308974089719752
bryophyte,bryophyte,north,,,Bryum.All,Pine,5,0.143086686438155,0.101959571838194,0.271490309959373,0.143086686438155
bryophyte,bryophyte,north,,,Bryum.All,Deciduous,5,0.304216233046491,0.207067131595531,0.707649631950251,0.304216233046491
bryophyte,bryophyte,north,,,Bryum.All,Mixedwood,5,0.206895828865391,0.176280914491628,0.449479307274789,0.204213486775759
bryophyte,bryophyte,north,,,Bryum.All,BlackSpruce,5,0.154133594755642,0.130529307725989,0.290255876710481,0.139795052022587
bryophyte,bryophyte,north,,,Bryum.All,TreedFen,5,0.263116559135362,0.218961536741484,0.517232086547538,0.207464791255052
bryophyte,bryophyte,north,,,Bryum.All,TreedSwamp,5,0.815095784757965,0.613698209188851,0.8887950843584,0.67700829253431
bryophyte,bryophyte,north,,,Bryum.All,GraminoidFen,5,0.171069119701467,0.134580452270681,0.521185810220519,0.156682738198137
bryophyte,bryophyte,north,,,Bryum.All,ShrubbyFen,5,0.281801007539748,0.189347181275031,0.478706276603859,0.17636896116634
bryophyte,bryophyte,north,,,Bryum.All,ShrubbyBog,5,0.0409475283773597,0.0379518703302822,0.0795889388622797,0.093958166878054
bryophyte,bryophyte,north,,,Bryum.All,ShrubbySwamp,5,0.57601652602753,0.518269332810099,0.850214247135039,0.568041308422661
bryophyte,bryophyte,north,,,Bryum.All,Marsh,5,0.299551048338968,0.240457336852563,0.536393996082975,0.265932364478495
bryophyte,bryophyte,north,,,Bryum.All,Shrub,5,0.785140006328676,0.638359637311813,0.874558344484121,0.597088876880074
bryophyte,bryophyte,north,,,Bryum.All,Grass,5,0.627677988600761,0.603168387955282,0.862231778275789,0.603492417714662
bryophyte,bryophyte,north,,,Bryum.All,CCWhiteSpruceR,5,0.547338013644942,0.324685297155872,0.742520577481269,0.30250437064146
bryophyte,bryophyte,north,,,Bryum.All,CCWhiteSpruce1,5,0.45281469880243,0.219766795975118,0.721581284485378,0.278377962303985
bryophyte,bryophyte,north,,,Bryum.All,CCWhiteSpruce2,5,0.562227209630086,0.535022851511229,0.841620016486747,0.536296256580977
bryophyte,bryophyte,north,,,Bryum.All,CCWhiteSpruce3,5,0.562227209630086,0.535022851511229,0.841620016486747,0.536296256580977
bryophyte,bryophyte,north,,,Bryum.All,CCWhiteSpruce4,5,0.562227209630086,0.535022851511229,0.841620016486747,0.536296256580977
bryophyte,bryophyte,north,,,Bryum.All,CCPineR,5,0.283100425771656,0.260490047434809,0.623296740885031,0.269948790634583
bryophyte,bryophyte,north,,,Bryum.All,CCPine1,5,0.250672245063636,0.201013072771311,0.819851875755567,0.243336158729855
bryophyte,bryophyte,north,,,Bryum.All,CCPine2,5,0.177776992554065,0.15209179815,0.529234295201501,0.177776992554065
bryophyte,bryophyte,north,,,Bryum.All,CCPine3,5,0.177776992554065,0.15209179815,0.529234295201501,0.177776992554065
bryophyte,bryophyte,north,,,Bryum.All,CCPine4,5,0.177776992554065,0.15209179815,0.529234295201501,0.177776992554065
bryophyte,bryophyte,north,,,Bryum.All,CCDeciduousR,5,0.432670830991465,0.31945091421981,0.715789143388405,0.317023552189929
bryophyte,bryophyte,north,,,Bryum.All,CCDeciduous1,5,0.644228111973737,0.454777788779175,0.867817098652887,0.395089825659678
bryophyte,bryophyte,north,,,Bryum.All,CCDeciduous2,5,0.226184197371291,0.151317967361289,0.576183877009453,0.226184197371291
bryophyte,bryophyte,north,,,Bryum.All,CCDeciduous3,5,0.226184197371291,0.151317967361289,0.576183877009453,0.226184197371291
bryophyte,bryophyte,north,,,Bryum.All,CCDeciduous4,5,0.226184197371291,0.151317967361289,0.576183877009453,0.226184197371291
bryophyte,bryophyte,north,,,Bryum.All,CCMixedwoodR,5,0.432670830991465,0.31945091421981,0.715789143388405,0.317023552189929
bryophyte,bryophyte,north,,,Bryum.All,CCMixedwood1,5,0.644228111973737,0.454777788779175,0.867817098652887,0.395089825659678
bryophyte,bryophyte,north,,,Bryum.All,CCMixedwood2,5,0.226184197371291,0.151317967361289,0.576183877009453,0.226184197371291
bryophyte,bryophyte,north,,,Bryum.All,CCMixedwood3,5,0.226184197371291,0.151317967361289,0.576183877009453,0.226184197371291
bryophyte,bryophyte,north,,,Bryum.All,CCMixedwood4,5,0.226184197371291,0.151317967361289,0.576183877009453,0.226184197371291
bryophyte,bryophyte,north,,,Bryum.All,EnSeismic,5,0.340598817242695,0.164903453730557,0.475216060165671,0.38979785120101
bryophyte,bryophyte,north,,,Bryum.All,EnSoftLin,5,0.575339131568557,0.386011407252868,0.730665491035266,0.486461633900538
bryophyte,bryophyte,north,,,Bryum.All,TrSoftLin,5,0.47227081010632,0.235741429686737,0.750847668855231,0.47227081010632
bryophyte,bryophyte,north,,,Bryum.All,HardLin,5,0.7373977983078,0.532551792762974,0.91043000185822,0.460642471347814
bryophyte,bryophyte,north,,,Bryum.All,UrbInd,5,0.689315139494054,0.566505458572846,0.857816898557892,0.511165376404773
bryophyte,bryophyte,north,,,Bryum.All,Wellsites,5,0.411336395969964,0.318776562474012,0.736533989633298,0.273190415567555
bryophyte,bryophyte,north,,,Bryum.All,Crop,5,0.529838193126662,0.270335967783148,0.667836505703427,0.257936328703817
bryophyte,bryophyte,north,,,Bryum.All,TameP,5,0.581630503211741,0.463194700792218,0.867999788159835,0.456666447201498
bryophyte,bryophyte,north,,,Bryum.All,RoughP,5,0.866772814791908,0.638972254622208,0.941838203793737,0.594183706159022
bryophyte,bryophyte,north,,,Ceratodon.purpureus,WhiteSpruce,5,0.112030441670744,0.0696659201387489,0.190519538231417,0.222596977385881
bryophyte,bryophyte,north,,,Ceratodon.purpureus,Pine,5,0.249304854609913,0.0858683703311142,0.401016629826849,0.249304854609913
bryophyte,bryophyte,north,,,Ceratodon.purpureus,Deciduous,5,0.196301533531834,0.134743846618643,0.251578974362557,0.263472446516492
bryophyte,bryophyte,north,,,Ceratodon.purpureus,Mixedwood,5,0.28984867231307,0.211611765728151,0.527409572727184,0.28984867231307
bryophyte,bryophyte,north,,,Ceratodon.purpureus,BlackSpruce,5,0.209325042709248,0.157364589900452,0.43032459148606,0.184070478469377
bryophyte,bryophyte,north,,,Ceratodon.purpureus,TreedFen,5,0.185539583090879,0.107342060621354,0.21609695209782,0.203630483476431
bryophyte,bryophyte,north,,,Ceratodon.purpureus,TreedSwamp,5,0.19978407964156,0.140968829729245,0.365880244478321,0.19978407964156
bryophyte,bryophyte,north,,,Ceratodon.purpureus,GraminoidFen,5,0.250130284855286,0.105483860712881,0.297872028079475,0.250130284855286
bryophyte,bryophyte,north,,,Ceratodon.purpureus,ShrubbyFen,5,0.184174254034198,0.121211900414639,0.351641434048576,0.184174254034198
bryophyte,bryophyte,north,,,Ceratodon.purpureus,ShrubbyBog,5,0.146502960363555,0.0843461819865189,0.376200094261977,0.146502960363555
bryophyte,bryophyte,north,,,Ceratodon.purpureus,ShrubbySwamp,5,0.126887900372566,0.0532492716902957,0.231295432501156,0.177195862366848
bryophyte,bryophyte,north,,,Ceratodon.purpureus,Marsh,5,0.119568353016139,0.0669992768775582,0.168127130760379,0.141556993449759
bryophyte,bryophyte,north,,,Ceratodon.purpureus,Shrub,5,0.335467673199442,0.215368376807265,0.376886184928062,0.335467673199442
bryophyte,bryophyte,north,,,Ceratodon.purpureus,Grass,5,0.301992031448182,0.245107482109288,0.349762070532979,0.301992031448182
bryophyte,bryophyte,north,,,Ceratodon.purpureus,CCWhiteSpruceR,5,0.540541329783748,0.489531021919014,0.677092207749945,0.614344233250936
bryophyte,bryophyte,north,,,Ceratodon.purpureus,CCWhiteSpruce1,5,0.36876636265707,0.282659851296721,0.454095289487264,0.393484602837274
bryophyte,bryophyte,north,,,Ceratodon.purpureus,CCWhiteSpruce2,5,0.617516371883879,0.52082154656563,0.644474767662898,0.657916313589466
bryophyte,bryophyte,north,,,Ceratodon.purpureus,CCWhiteSpruce3,5,0.617516371883879,0.52082154656563,0.644474767662898,0.657916313589466
bryophyte,bryophyte,north,,,Ceratodon.purpureus,CCWhiteSpruce4,5,0.617516371883879,0.52082154656563,0.644474767662898,0.657916313589466
bryophyte,bryophyte,north,,,Ceratodon.purpureus,CCPineR,5,0.480591139636067,0.300132096455471,0.522346181448412,0.545659517771766
bryophyte,bryophyte,north,,,Ceratodon.purpureus,CCPine1,5,0.642056258107979,0.590222009726219,0.741787486015572,0.642056258107979
bryophyte,bryophyte,north,,,Ceratodon.purpureus,CCPine2,5,0.514021100368588,0.487034213838781,0.605436489905809,0.635584579586204
bryophyte,bryophyte,north,,,Ceratodon.purpureus,CCPine3,5,0.514021100368588,0.487034213838781,0.605436489905809,0.635584579586204
bryophyte,bryophyte,north,,,Ceratodon.purpureus,CCPine4,5,0.514021100368588,0.487034213838781,0.605436489905809,0.635584579586204
bryophyte,bryophyte,north,,,Ceratodon.purpureus,CCDeciduousR,5,0.519526869750587,0.224287814054948,0.654054999977486,0.519526869750587
bryophyte,bryophyte,north,,,Ceratodon.purpureus,CCDeciduous1,5,0.623725635526479,0.495121615766693,0.753925058863849,0.558717718351746
bryophyte,bryophyte,north,,,Ceratodon.purpureus,CCDeciduous2,5,0.421319056409492,0.362630119106827,0.533667018526809,0.462378918324272
bryophyte,bryophyte,north,,,Ceratodon.purpureus,CCDeciduous3,5,0.421319056409492,0.362630119106827,0.533667018526809,0.462378918324272
bryophyte,bryophyte,north,,,Ceratodon.purpureus,CCDeciduous4,5,0.421319056409492,0.362630119106827,0.533667018526809,0.462378918324272
bryophyte,bryophyte,north,,,Ceratodon.purpureus,CCMixedwoodR,5,0.519526869750587,0.224287814054948,0.654054999977486,0.519526869750587
bryophyte,bryophyte,north,,,Ceratodon.purpureus,CCMixedwood1,5,0.623725635526479,0.495121615766693,0.753925058863849,0.558717718351746
bryophyte,bryophyte,north,,,Ceratodon.purpureus,CCMixedwood2,5,0.421319056409492,0.362630119106827,0.533667018526809,0.462378918324272
bryophyte,bryophyte,north,,,Ceratodon.purpureus,CCMixedwood3,5,0.421319056409492,0.362630119106827,0.533667018526809,0.462378918324272
bryophyte,bryophyte,north,,,Ceratodon.purpureus,CCMixedwood4,5,0.421319056409492,0.362630119106827,0.533667018526809,0.462378918324272
bryophyte,bryophyte,north,,,Ceratodon.purpureus,EnSeismic,5,0.388128427369812,0.258835683025722,0.495653290143381,0.396042503380286
bryophyte,bryophyte,north,,,Ceratodon.purpureus,EnSoftLin,5,0.205319330222485,0.156215075713521,0.266969332444081,0.247714104517573
bryophyte,bryophyte,north,,,Ceratodon.purpureus,TrSoftLin,5,0.203417107358887,0.0742274262211549,0.219524545648246,0.228401728876471
bryophyte,bryophyte,north,,,Ceratodon.purpureus,HardLin,5,0.122797399764176,0.0939887495312262,0.20666499934502,0.179441300697741
bryophyte,bryophyte,north,,,Ceratodon.purpureus,UrbInd,5,0.406123828961622,0.260612579220148,0.530452617259494,0.23766538272575
bryophyte,bryophyte,north,,,Ceratodon.purpureus,Wellsites,5,0.3952307188416,0.212207480419092,0.580201590110138,0.260455149462922
bryophyte,bryophyte,north,,,Ceratodon.purpureus,Crop,5,0.108929703195768,0.0732266003436157,0.18350631077339,0.140345468378213
bryophyte,bryophyte,north,,,Ceratodon.purpureus,TameP,5,0.131867728043387,0.0594089848841243,0.229712409143828,0.218587144767863
bryophyte,bryophyte,north,,,Ceratodon.purpureus,RoughP,5,0.143912616354652,0.0964123257999556,0.294636874031917,0.270343789916824
bryophyte,bryophyte,south,,,Bryum.All,Loamy,5,0.473274717845967,0.388779794566393,0.675182319369236,0.473274717845967
bryophyte,bryophyte,south,,,Bryum.All,SandyLoam,5,0.623763404348959,0.566322630423459,0.745154176095475,0.623763404348959
bryophyte,bryophyte,south,,,Bryum.All,ClaySub,5,0.488358302587387,0.296267965084076,0.665236178581072,0.513566279666649
bryophyte,bryophyte,south,,,Bryum.All,RapidDrain,5,0.456383990460127,0.237610557468415,0.558335335911583,0.456383990460127
bryophyte,bryophyte,south,,,Bryum.All,Blowout,5,0.748701430422861,0.692158041872183,0.872067048238866,0.748701430422861
bryophyte,bryophyte,south,,,Bryum.All,ThinBreak,5,0.266696658689805,0.111551539338356,0.473660627342796,0.266696658689805
bryophyte,bryophyte,south,,,Bryum.All,Other,5,0.422068857255918,0.347690301627597,0.50459481804185,0.407468292608129
bryophyte,bryophyte,south,,,Bryum.All,EnSeismic,5,0.2642549982569,0.162743991940278,0.648645053131211,0.482117914307296
bryophyte,bryophyte,south,,,Bryum.All,EnSoftLin,5,0.501251607148897,0.197878106605832,0.742572097882729,0.501672918253629
bryophyte,bryophyte,south,,,Bryum.All,TrSoftLin,5,0.464054690971584,0.327967448587054,0.823776424800113,0.613016588965431
bryophyte,bryophyte,south,,,Bryum.All,HardLin,5,0.666580102281647,0.422571263591126,0.752577207337811,0.491617478806848
bryophyte,bryophyte,south,,,Bryum.All,UrbInd,5,0.293595436061992,0.236110436056845,0.377942466955349,0.393097858690561
bryophyte,bryophyte,south,,,Bryum.All,Wellsites,5,0.340464655304631,0.192537600202446,0.490710004802023,0.440935456085658
bryophyte,bryophyte,south,,,Bryum.All,Crop,5,0.243279336617522,0.134286113627049,0.408787918221202,0.277542390498237
bryophyte,bryophyte,south,,,Bryum.All,TameP,5,0.473780817532282,0.349842132565912,0.717857443626538,0.473780817532282
bryophyte,bryophyte,south,,,Bryum.All,RoughP,5,0.271246111822176,0.15231721307255,0.428317317922578,0.271246111822176
bryophyte,bryophyte,south,,,Ceratodon.purpureus,Loamy,5,0.0880328664557739,0.060672446934879,0.171165526702774,0.115177000810257
bryophyte,bryophyte,south,,,Ceratodon.purpureus,SandyLoam,5,0.105766760433591,0.0747221962388367,0.249076281498836,0.105766760433591
bryophyte,bryophyte,south,,,Ceratodon.purpureus,ClaySub,5,0.0253512685216928,0.0172411816348254,0.056696825478414,0.0253512685216928
bryophyte,bryophyte,south,,,Ceratodon.purpureus,RapidDrain,5,0.097554079442326,0.0535954887613747,0.187155247815362,0.097554079442326
bryophyte,bryophyte,south,,,Ceratodon.purpureus,Blowout,5,0.238386765241013,0.113319360495388,0.598722239747571,0.238386765241013
bryophyte,bryophyte,south,,,Ceratodon.purpureus,ThinBreak,5,0.0214468610011073,0.0179860306734782,0.0503719358306002,0.0214468610011073
bryophyte,bryophyte,south,,,Ceratodon.purpureus,Other,5,0.0515948099929371,0.0306226530126652,0.0653417445356725,0.0572581209142173
bryophyte,bryophyte,south,,,Ceratodon.purpureus,EnSeismic,5,0.0707043009314015,0.0526087589939201,0.279797400764095,0.0707043009314015
bryophyte,bryophyte,south,,,Ceratodon.purpureus,EnSoftLin,5,0.0747407719041711,0.0482948040936569,0.186301416057806,0.0747407719041711
bryophyte,bryophyte,south,,,Ceratodon.purpureus,TrSoftLin,5,0.0704598742384681,0.0411048017962768,0.240939894791207,0.0704598742384681
bryophyte,bryophyte,south,,,Ceratodon.purpureus,HardLin,5,0.206659396634555,0.0660432989408734,0.300572873503316,0.209126134191268
bryophyte,bryophyte,south,,,Ceratodon.purpureus,UrbInd,5,0.0456100567102081,0.0340727304509427,0.055332266120991,0.0456100567102081
bryophyte,bryophyte,south,,,Ceratodon.purpureus,Wellsites,5,0.124964688720392,0.0850184040726694,0.211206954512464,0.0830551181446699
bryophyte,bryophyte,south,,,Ceratodon.purpureus,Crop,5,0.0289140339897818,0.0247911726665589,0.0387368796783477,0.0262246644293447
bryophyte,bryophyte,south,,,Ceratodon.purpureus,TameP,5,0.0721421869825392,0.0543147066620201,0.199106705166252,0.0615457968167004
bryophyte,bryophyte,south,,,Ceratodon.purpureus,RoughP,5,0.0664591108088772,0.0543247164471347,0.120248724289744,0.067766730553001
lichen,lichen,north,,,Cladonia.chlorophaea,WhiteSpruce,5,0.128661098958406,0.124855193556611,0.204427293912201,0.160230563800225
lichen,lichen,north,,,Cladonia.chlorophaea,Pine,5,0.230079117098186,0.179813900174023,0.360273789571507,0.210249809820585
lichen,lichen,north,,,Cladonia.chlorophaea,Deciduous,5,0.121324351142597,0.0872621019923896,0.143825952808245,0.136817798838928
lichen,lichen,north,,,Cladonia.chlorophaea,Mixedwood,5,0.0984557553149279,0.0545777027772408,0.112248614682224,0.115802848220679
lichen,lichen,north,,,Cladonia.chlorophaea,BlackSpruce,5,0.403292528595932,0.358505305104995,0.638298533379189,0.403292528595932
lichen,lichen,north,,,Cladonia.chlorophaea,TreedFen,5,0.504617490382435,0.359879727321562,0.625746147914501,0.428659382012715
lichen,lichen,north,,,Cladonia.chlorophaea,TreedSwamp,5,0.665693157587439,0.502645401327826,0.724461853810744,0.510515102256231
lichen,lichen,north,,,Cladonia.chlorophaea,GraminoidFen,5,0.489256749567966,0.306540048579416,0.572984989962887,0.282411753463989
lichen,lichen,north,,,Cladonia.chlorophaea,ShrubbyFen,5,0.370120126470694,0.270019373234564,0.53022889883459,0.242010054127684
lichen,lichen,north,,,Cladonia.chlorophaea,ShrubbyBog,5,0.141260287480395,0.0567819895590906,0.188070804361037,0.141260287480395
lichen,lichen,north,,,Cladonia.chlorophaea,ShrubbySwamp,5,0.184741026553176,0.0891963973945931,0.242278765896729,0.184741026553176
lichen,lichen,north,,,Cladonia.chlorophaea,Marsh,5,0.0708898621598725,0.0404355920571795,0.079151424751504,0.0798473976304544
lichen,lichen,north,,,Cladonia.chlorophaea,Shrub,5,0.0517359583674559,0.0195646082142656,0.0789531138661174,0.0938129845926235
lichen,lichen,north,,,Cladonia.chlorophaea,Grass,5,0.173012452686917,0.104877761141144,0.209232964794269,0.141236544546189
lichen,lichen,north,,,Cladonia.chlorophaea,CCWhiteSpruceR,5,0.0525321876142188,0.0350483280392254,0.114018253460163,0.0906677860864298
lichen,lichen,north,,,Cladonia.chlorophaea,CCWhiteSpruce1,5,0.0719899251215031,0.047780420145228,0.176916811492338,0.156992993462549
lichen,lichen,north,,,Cladonia.chlorophaea,CCWhiteSpruce2,5,0.149413093693624,0.0870203001289966,0.270715725064737,0.179422836074818
lichen,lichen,north,,,Cladonia.chlorophaea,CCWhiteSpruce3,5,0.149413093693624,0.0870203001289966,0.270715725064737,0.179422836074818
lichen,lichen,north,,,Cladonia.chlorophaea,CCWhiteSpruce4,5,0.149413093693624,0.0870203001289966,0.270715725064737,0.179422836074818
lichen,lichen,north,,,Cladonia.chlorophaea,CCPineR,5,0.00978986954755468,0.00822467671524218,0.0258486119323907,0.0333390984309549
lichen,lichen,north,,,Cladonia.chlorophaea,CCPine1,5,0.189052904668437,0.0986219993844684,0.227152392530965,0.189052904668437
lichen,lichen,north,,,Cladonia.chlorophaea,CCPine2,5,0.0817569760829207,0.0757953632359234,0.141554492521773,0.151392232102977
lichen,lichen,north,,,Cladonia.chlorophaea,CCPine3,5,0.0817569760829207,0.0757953632359234,0.141554492521773,0.151392232102977
lichen,lichen,north,,,Cladonia.chlorophaea,CCPine4,5,0.0817569760829207,0.0757953632359234,0.141554492521773,0.151392232102977
lichen,lichen,north,,,Cladonia.chlorophaea,CCDeciduousR,5,0.0776736278278235,0.0505562323522782,0.152962326280761,0.131298522971376
lichen,lichen,north,,,Cladonia.chlorophaea,CCDeciduous1,5,0.111726716318103,0.0827932616193127,0.147085303560683,0.140986333328742
lichen,lichen,north,,,Cladonia.chlorophaea,CCDeciduous2,5,0.110758294842867,0.0856462436819334,0.176911768706607,0.188488762029281
lichen,lichen,north,,,Cladonia.chlorophaea,CCDeciduous3,5,0.110758294842867,0.0856462436819334,0.176911768706607,0.188488762029281
lichen,lichen,north,,,Cladonia.chlorophaea,CCDeciduous4,5,0.110758294842867,0.0856462436819334,0.176911768706607,0.188488762029281
lichen,lichen,north,,,Cladonia.chlorophaea,CCMixedwoodR,5,0.0776736278278235,0.0505562323522782,0.152962326280761,0.131298522971376
lichen,lichen,north,,,Cladonia.chlorophaea,CCMixedwood1,5,0.111726716318103,0.0827932616193127,0.147085303560683,0.140986333328742
lichen,lichen,north,,,Cladonia.chlorophaea,CCMixedwood2,5,0.110758294842867,0.0856462436819334,0.176911768706607,0.188488762029281
lichen,lichen,north,,,Cladonia.chlorophaea,CCMixedwood3,5,0.110758294842867,0.0856462436819334,0.176911768706607,0.188488762029281
lichen,lichen,north,,,Cladonia.chlorophaea,CCMixedwood4,5,0.110758294842867,0.0856462436819334,0.176911768706607,0.188488762029281
lichen,lichen,north,,,Cladonia.chlorophaea,EnSeismic,5,0.0562871342426963,0.0320229327626297,0.0877062042488125,0.103955648973456
lichen,lichen,north,,,Cladonia.chlorophaea,EnSoftLin,5,0.0349744161875645,0.0135950566585377,0.0460307869610447,0.0520718837817988
lichen,lichen,north,,,Cladonia.chlorophaea,TrSoftLin,5,0.103588894942155,0.0250811144006789,0.153774872898092,0.103588894942155
lichen,lichen,north,,,Cladonia.chlorophaea,HardLin,5,0.0154890037249669,0.00969735705324304,0.0242295520251997,0.0194687233362852
lichen,lichen,north,,,Cladonia.chlorophaea,UrbInd,5,0.0291298802009484,0.022170341246061,0.0394398808836477,0.0399831841699761
lichen,lichen,north,,,Cladonia.chlorophaea,Wellsites,5,0.0312303611913381,0.01825340797697,0.0382450877069983,0.0405301490949005
lichen,lichen,north,,,Cladonia.chlorophaea,Crop,5,0.00819135312232188,0.0032964347257604,0.0153259493459229,0.0106228365914737
lichen,lichen,north,,,Cladonia.chlorophaea,TameP,5,0.0384099180416212,0.0291846782167506,0.0458757501630787,0.0384099180416212
lichen,lichen,north,,,Cladonia.chlorophaea,RoughP,5,0.0501127937327384,0.0412289445446687,0.0800415714933927,0.0659587534674029
lichen,lichen,north,,,Physcia.adscendens,WhiteSpruce,5,0.0280709179229579,0.0158823614277584,0.0370698471276619,0.0417321760259875
lichen,lichen,north,,,Physcia.adscendens,Pine,5,0.0335554922949197,0.0328321333973256,0.0381993091153045,0.0388803690684755
lichen,lichen,north,,,Physcia.adscendens,Deciduous,5,0.150111220381722,0.0982775269867873,0.204568198699545,0.182221182455449
lichen,lichen,north,,,Physcia.adscendens,Mixedwood,5,0.066143481475221,0.0366744056160219,0.0822856468530477,0.0884733355341471
lichen,lichen,north,,,Physcia.adscendens,BlackSpruce,5,0.0371166105774204,0.0180529526526415,0.0886332365829845,0.0297257197367906
lichen,lichen,north,,,Physcia.adscendens,TreedFen,5,0.00283648668986138,0.00211085215363339,0.00798491034075052,0.0096330609515934
lichen,lichen,north,,,Physcia.adscendens,TreedSwamp,5,0.151560668253984,0.0946381053489427,0.218379490579115,0.13750034253386
lichen,lichen,north,,,Physcia.adscendens,GraminoidFen,5,0.0740408487785589,0.0218928131556558,0.106953471125693,0.0740408487785589
lichen,lichen,north,,,Physcia.adscendens,ShrubbyFen,5,0.00624108474033991,0.00351153558550388,0.0123708425148104,0.0151140673106255
lichen,lichen,north,,,Physcia.adscendens,ShrubbyBog,5,0.0101805161860488,0.00773748829404913,0.0212068238130188,0.018187687131778
lichen,lichen,north,,,Physcia.adscendens,ShrubbySwamp,5,0.0362768598763018,0.0218314980950171,0.0418196022070653,0.0383343029334143
lichen,lichen,north,,,Physcia.adscendens,Marsh,5,0.0108784278677345,0.0101742363969005,0.020592791623776,0.0233928964085336
lichen,lichen,north,,,Physcia.adscendens,Shrub,5,0.0381488861896238,0.0304198903024431,0.0558421183865387,0.0666814246971562
lichen,lichen,north,,,Physcia.adscendens,Grass,5,0.0768105720214742,0.050153486235137,0.0978256955825497,0.0901247981807328
lichen,lichen,north,,,Physcia.adscendens,CCWhiteSpruceR,5,0.00547586911493163,0.00349714196841403,0.0129769451747226,0.0169696165447101
lichen,lichen,north,,,Physcia.adscendens,CCWhiteSpruce1,5,0.0989510919927337,0.0429150110336418,0.141802535687179,0.102505230126881
lichen,lichen,north,,,Physcia.adscendens,CCWhiteSpruce2,5,0.155036614912574,0.088233085428621,0.366327338728443,0.14765016798871
lichen,lichen,north,,,Physcia.adscendens,CCWhiteSpruce3,5,0.155036614912574,0.088233085428621,0.366327338728443,0.14765016798871
lichen,lichen,north,,,Physcia.adscendens,CCWhiteSpruce4,5,0.155036614912574,0.088233085428621,0.366327338728443,0.14765016798871
lichen,lichen,north,,,Physcia.adscendens,CCPineR,5,0.0064962201386863,0.00421432892887562,0.0142770276673618,0.0171492164111918
lichen,lichen,north,,,Physcia.adscendens,CCPine1,5,0.00696710027863156,0.00494066956859161,0.0245414990478204,0.0265625131932835
lichen,lichen,north,,,Physcia.adscendens,CCPine2,5,0.0515635294496696,0.0159974691369398,0.104039850625823,0.0515635294496696
lichen,lichen,north,,,Physcia.adscendens,CCPine3,5,0.0515635294496696,0.0159974691369398,0.104039850625823,0.0515635294496696
lichen,lichen,north,,,Physcia.adscendens,CCPine4,5,0.0515635294496696,0.0159974691369398,0.104039850625823,0.0515635294496696
lichen,lichen,north,,,Physcia.adscendens,CCDeciduousR,5,0.0370772388534196,0.0239941672310476,0.0704175667019601,0.0555525290793276
lichen,lichen,north,,,Physcia.adscendens,CCDeciduous1,5,0.0638362385247109,0.0443950437751117,0.0960107914764775,0.0846489827961707
lichen,lichen,north,,,Physcia.adscendens,CCDeciduous2,5,0.0631299062200761,0.0527345204338537,0.192845361167475,0.0932548262463118
lichen,lichen,north,,,Physcia.adscendens,CCDeciduous3,5,0.0631299062200761,0.0527345204338537,0.192845361167475,0.0932548262463118
lichen,lichen,north,,,Physcia.adscendens,CCDeciduous4,5,0.0631299062200761,0.0527345204338537,0.192845361167475,0.0932548262463118
lichen,lichen,north,,,Physcia.adscendens,CCMixedwoodR,5,0.0370772388534196,0.0239941672310476,0.0704175667019601,0.0555525290793276
lichen,lichen,north,,,Physcia.adscendens,CCMixedwood1,5,0.0638362385247109,0.0443950437751117,0.0960107914764775,0.0846489827961707
lichen,lichen,north,,,Physcia.adscendens,CCMixedwood2,5,0.0631299062200761,0.0527345204338537,0.192845361167475,0.0932548262463118
lichen,lichen,north,,,Physcia.adscendens,CCMixedwood3,5,0.0631299062200761,0.0527345204338537,0.192845361167475,0.0932548262463118
lichen,lichen,north,,,Physcia.adscendens,CCMixedwood4,5,0.0631299062200761,0.0527345204338537,0.192845361167475,0.0932548262463118
lichen,lichen,north,,,Physcia.adscendens,EnSeismic,5,0.00973533663743669,0.00761498586953942,0.0167468016732872,0.0189402458111425
lichen,lichen,north,,,Physcia.adscendens,EnSoftLin,5,0.0280436433302379,0.0154713255752847,0.0341444951096086,0.0280436433302379
lichen,lichen,north,,,Physcia.adscendens,TrSoftLin,5,0.00496005598877083,0.00471160489961,0.0161107262084194,0.0196590192362782
lichen,lichen,north,,,Physcia.adscendens,HardLin,5,0.0348874368867459,0.0252558243773983,0.0454162343164239,0.0348874368867459
lichen,lichen,north,,,Physcia.adscendens,UrbInd,5,0.0174279932552207,0.0130439461733558,0.0312426839236964,0.038226183628617
lichen,lichen,north,,,Physcia.adscendens,Wellsites,5,0.0116376600198287,0.00721312434489467,0.0271997579619256,0.0195364714768302
lichen,lichen,north,,,Physcia.adscendens,Crop,5,0.0187347369810745,0.00891380317133725,0.0251945259418885,0.0187347369810745
lichen,lichen,north,,,Physcia.adscendens,TameP,5,0.0320140311491714,0.0181860445822102,0.0525560687925619,0.0320140311491714
lichen,lichen,north,,,Physcia.adscendens,RoughP,5,0.108558416385157,0.0722935863539439,0.120255191852576,0.120604736486396
lichen,lichen,south,,,Cladonia.chlorophaea,Loamy,5,0.0177145886237437,0.0052613407057454,0.0550296543748453,0.0597277251451078
lichen,lichen,south,,,Cladonia.chlorophaea,SandyLoam,5,0.0174816561380657,0.0163692237823521,0.0463540119872417,0.0655647445815341
lichen,lichen,south,,,Cladonia.chlorophaea,ClaySub,5,0.00555126453122542,0.00193376988801804,0.0246758086287448,0.0361988055512762
lichen,lichen,south,,,Cladonia.chlorophaea,RapidDrain,5,0.0567337727522392,0.01648604582655,0.0977154360637852,0.0671288270967656
lichen,lichen,south,,,Cladonia.chlorophaea,Blowout,5,0.0237324539823939,0.0159513708859139,0.0620732820621201,0.065567183985177
lichen,lichen,south,,,Cladonia.chlorophaea,ThinBreak,5,0.0143707682934732,0.00636508094146172,0.0332345496567772,0.0456180486741436
lichen,lichen,south,,,Cladonia.chlorophaea,Other,5,0.00501505269454619,0.00117718504049849,0.013492729542509,0.0188250605196629
lichen,lichen,south,,,Cladonia.chlorophaea,EnSeismic,5,0.0118184764992799,0.00270684743301339,0.0194732488127343,0.0232927646410083
lichen,lichen,south,,,Cladonia.chlorophaea,EnSoftLin,5,0.00440555784016973,0.00251986579899649,0.0127587507542381,0.0175964661762687
lichen,lichen,south,,,Cladonia.chlorophaea,TrSoftLin,5,0.00378677049508389,0.002344807848226,0.0145741903219359,0.0210304145687519
lichen,lichen,south,,,Cladonia.chlorophaea,HardLin,5,0.00459330109979107,0.000615727205925929,0.0123856767727841,0.0168326781004455
lichen,lichen,south,,,Cladonia.chlorophaea,UrbInd,5,0.00406842553092113,0.000580716062808916,0.0128316513245183,0.0171046511598148
lichen,lichen,south,,,Cladonia.chlorophaea,Wellsites,5,0.0255015614912696,0.00149219879902554,0.0741205245698955,0.075570998415282
lichen,lichen,south,,,Cladonia.chlorophaea,Crop,5,0.000902822927314831,0.000313932467373215,0.00171206716954244,0.00219321929279424
lichen,lichen,south,,,Cladonia.chlorophaea,TameP,5,0.00841687677986071,0.00273882035239516,0.0222008641778524,0.0222832297619207
lichen,lichen,south,,,Cladonia.chlorophaea,RoughP,5,0.0146295350565741,0.00159564151079338,0.0209906652594332,0.0232570250948312
lichen,lichen,south,,,Physcia.adscendens,Loamy,5,0.217277829333826,0.15704406708964,0.304047615408886,0.191539524792095
lichen,lichen,south,,,Physcia.adscendens,SandyLoam,5,0.530458320080061,0.492263518720828,0.775018453077396,0.47212665072262
lichen,lichen,south,,,Physcia.adscendens,ClaySub,5,0.0930616688338325,0.0600838876549339,0.130385692484933,0.0930616688338325
lichen,lichen,south,,,Physcia.adscendens,RapidDrain,5,0.415291920210692,0.323952051051762,0.732495085467375,0.299819326285583
lichen,lichen,south,,,Physcia.adscendens,Blowout,5,0.136557921316276,0.0312523714063513,0.218955487776077,0.0590335560161137
lichen,lichen,south,,,Physcia.adscendens,ThinBreak,5,0.164143804877533,0.09801970065868,0.318344907386786,0.0887993397036373
lichen,lichen,south,,,Physcia.adscendens,Other,5,0.302755037549603,0.195446719515116,0.349608006408001,0.253161029743585
lichen,lichen,south,,,Physcia.adscendens,EnSeismic,5,0.427977544979326,0.305291789630875,0.529586269705453,0.392066598196877
lichen,lichen,south,,,Physcia.adscendens,EnSoftLin,5,0.199606327527873,0.101306683994238,0.342484070807443,0.199606327527873
lichen,lichen,south,,,Physcia.adscendens,TrSoftLin,5,0.468184625274239,0.246504828756221,0.554178811146563,0.384440449804642
lichen,lichen,south,,,Physcia.adscendens,HardLin,5,0.0903428321717492,0.0726729054739433,0.177127641495429,0.0903428321717492
lichen,lichen,south,,,Physcia.adscendens,UrbInd,5,0.105224161614799,0.0694355463481286,0.360295359522274,0.133640114131234
lichen,lichen,south,,,Physcia.adscendens,Wellsites,5,0.19463004648108,0.0738642039995704,0.514233439827871,0.19463004648108
lichen,lichen,south,,,Physcia.adscendens,Crop,5,0.00160433746227649,0.000870393463932428,0.00197844245618304,0.00200214957457342
lichen,lichen,south,,,Physcia.adscendens,TameP,5,0.0118823041171665,0.00527250522779698,0.0197946310197383,0.0147630929337545
lichen,lichen,south,,,Physcia.adscendens,RoughP,5,0.0111686428068464,0.00900506913750176,0.0136311119203765,0.0124711875346818
mammal,mammal_summer,north,summer,hurdle,Coyote_Summer,Decid,5,0.0239265522425756,0.011090430138699,0.0262642294785886,0.0244438161537447
mammal,mammal_summer,north,summer,hurdle,Coyote_Summer,Mixedwood,5,0.00876853407632136,0.00529693735610337,0.017282630905016,0.018244077073362
mammal,mammal_summer,north,summer,hurdle,Coyote_Summer,Pine,5,0.0218156856543157,0.0176823052798924,0.026150184586927,0.0218156856543157
mammal,mammal_summer,north,summer,hurdle,Coyote_Summer,Spruce,5,0.0249676695779629,0.0124713391918506,0.0841250161965133,0.0249676695779629
mammal,mammal_summer,north,summer,hurdle,Coyote_Summer,TreedBog,5,0.013440180346083,0.00768552288492119,0.0153841765853905,0.0163246075462524
mammal,mammal_summer,north,summer,hurdle,Coyote_Summer,TreedFen,5,0.0113397909731737,0.00790700341974478,0.0148681446174923,0.0162033353768527
mammal,mammal_summer,north,summer,hurdle,Coyote_Summer,TreedSwamp,5,0.00920452009478482,0.00678335792601969,0.0169590936891753,0.0169257400685579
mammal,mammal_summer,north,summer,hurdle,Coyote_Summer,GrassHerb,5,0.00764205077560037,0.00300303315040609,0.0170907681049233,0.0195189698246484
mammal,mammal_summer,north,summer,hurdle,Coyote_Summer,Shrub,5,0.00792974468150597,0.00142053798784553,0.0152449495397204,0.0199070300314277
mammal,mammal_summer,north,summer,hurdle,Coyote_Summer,GraminoidFen,5,0.00515552261082155,0.00310834341821341,0.0110209792476925,0.0145397395835169
mammal,mammal_summer,north,summer,hurdle,Coyote_Summer,Marsh,5,0.00515552261082155,0.00310834341821341,0.0110209792476925,0.0145397395835169
mammal,mammal_summer,north,summer,hurdle,Coyote_Summer,ShrubbyBog,5,0.00337978306315942,0.00173972936014788,0.00810369673048077,0.0106853868570127
mammal,mammal_summer,north,summer,hurdle,Coyote_Summer,ShrubbyFen,5,0.00337978306315942,0.00173972936014788,0.00810369673048077,0.0106853868570127
mammal,mammal_summer,north,summer,hurdle,Coyote_Summer,ShrubbySwamp,5,0.00386835087932868,0.00146921093276277,0.0105008781248198,0.0133868586272888
mammal,mammal_summer,north,summer,hurdle,Coyote_Summer,CCDecidR,5,0.032688169974919,0.00430418901138586,0.0426944107414556,0.0474178063842245
mammal,mammal_summer,north,summer,hurdle,Coyote_Summer,CCDecid1,5,0.0660310137716376,0.0123397104884087,0.0712652922206858,0.0714275332775695
mammal,mammal_summer,north,summer,hurdle,Coyote_Summer,CCDecid2,5,0.0227140044627329,0.00404663527542528,0.0396094548436344,0.0474178063842245
mammal,mammal_summer,north,summer,hurdle,Coyote_Summer,CCDecid3,5,0.0309640669359143,0.00430418901138586,0.0421006013923976,0.0474178063842245
mammal,mammal_summer,north,summer,hurdle,Coyote_Summer,CCDecid4,5,0.0309640669359143,0.00430418901138586,0.0421006013923976,0.0474178063842245
mammal,mammal_summer,north,summer,hurdle,Coyote_Summer,CCMixedwoodR,5,0.0309640669359143,0.00430418901138586,0.0421006013923976,0.0474178063842245
mammal,mammal_summer,north,summer,hurdle,Coyote_Summer,CCMixedwood1,5,0.0309640669359143,0.00457437404502943,0.0421006013923976,0.0474178063842245
mammal,mammal_summer,north,summer,hurdle,Coyote_Summer,CCMixedwood2,5,0.0341247939046573,0.00430418901138586,0.0443551497549623,0.0474178063842245
mammal,mammal_summer,north,summer,hurdle,Coyote_Summer,CCMixedwood3,5,0.0309640669359143,0.00430418901138586,0.0421006013923976,0.0474178063842245
mammal,mammal_summer,north,summer,hurdle,Coyote_Summer,CCMixedwood4,5,0.0309640669359143,0.00430418901138586,0.0421006013923976,0.0474178063842245
mammal,mammal_summer,north,summer,hurdle,Coyote_Summer,CCPineR,5,0.0158387074013367,0.00391553778673811,0.0461513941132943,0.0434754323748698
mammal,mammal_summer,north,summer,hurdle,Coyote_Summer,CCPine1,5,0.0158387074013367,0.00360797976148127,0.030600864615104,0.0353491995914119
mammal,mammal_summer,north,summer,hurdle,Coyote_Summer,CCPine2,5,0.0158387074013367,0.00391553778673811,0.041928615898253,0.0434754323748698
mammal,mammal_summer,north,summer,hurdle,Coyote_Summer,CCPine3,5,0.0158387074013367,0.00391553778673811,0.041928615898253,0.0434754323748698
mammal,mammal_summer,north,summer,hurdle,Coyote_Summer,CCPine4,5,0.0158387074013367,0.00391553778673811,0.041928615898253,0.0434754323748698
mammal,mammal_summer,north,summer,hurdle,Coyote_Summer,CCSpruceR,5,0.0192468112801372,0.00647034742518576,0.160357496833249,0.0430448429456243
mammal,mammal_summer,north,summer,hurdle,Coyote_Summer,CCSpruce1,5,0.0192468112801372,0.00647034742518576,0.0715373899275162,0.0430448429456243
mammal,mammal_summer,north,summer,hurdle,Coyote_Summer,CCSpruce2,5,0.0176558232248481,0.00587863502902288,0.0622007428604107,0.0414862808156023
mammal,mammal_summer,north,summer,hurdle,Coyote_Summer,CCSpruce3,5,0.0192468112801372,0.00647034742518576,0.0715373899275162,0.0430448429456243
mammal,mammal_summer,north,summer,hurdle,Coyote_Summer,CCSpruce4,5,0.0192468112801372,0.00647034742518576,0.0715373899275162,0.0430448429456243
mammal,mammal_summer,north,summer,hurdle,Coyote_Summer,HardLin,5,0.0235008608313258,0.00367071390415812,0.0304603017209443,0.0302656550259816
mammal,mammal_summer,north,summer,hurdle,Coyote_Summer,EnSoftLin,5,0.0217043128777652,0.00777176419384538,0.0816863159559975,0.056857687400326
mammal,mammal_summer,north,summer,hurdle,Coyote_Summer,EnSeismic,5,0.014218996636615,0.00427691149847948,0.0424456709769066,0.0433016920307201
mammal,mammal_summer,north,summer,hurdle,Coyote_Summer,TrSoftLin,5,0.018741290730221,0.00489485760606281,0.0621949534180226,0.0555281041055134
mammal,mammal_summer,north,summer,hurdle,Coyote_Summer,Urban,5,0.0235008608313258,0.00367071390415812,0.0304603017209443,0.0302656550259816
mammal,mammal_summer,north,summer,hurdle,Coyote_Summer,Rural,5,0.0235008608313258,0.00367071390415812,0.0304603017209443,0.0302656550259816
mammal,mammal_summer,north,summer,hurdle,Coyote_Summer,Industrial,5,0.0235008608313258,0.00367071390415812,0.0304603017209443,0.0302656550259816
mammal,mammal_summer,north,summer,hurdle,Coyote_Summer,Well,5,0.010823843674072,0.00168670480720688,0.0185050742594436,0.0220947826519
mammal,mammal_summer,north,summer,hurdle,Coyote_Summer,Crop,5,0.0181351316304772,0.0058327472257548,0.0264818597212109,0.0287620934346421
mammal,mammal_summer,north,summer,hurdle,Coyote_Summer,TameP,5,0.0174776843450439,0.00843540987169354,0.0299780882426473,0.0348115991913053
mammal,mammal_summer,north,summer,hurdle,Coyote_Summer,RoughP,5,0.0136467739445996,0.00780690491350207,0.0258557029727057,0.0287620934346421
mammal,mammal_summer,north,summer,hurdle,Moose_Summer,Decid,5,0.201127843984686,0.0801674200792492,0.333839799881527,0.337362503626968
mammal,mammal_summer,north,summer,hurdle,Moose_Summer,Mixedwood,5,0.179039171535964,0.0403753215863673,0.273496031417048,0.324412645428585
mammal,mammal_summer,north,summer,hurdle,Moose_Summer,Pine,5,0.111232556011978,0.0290206403594057,0.197698849646192,0.233684453638651
mammal,mammal_summer,north,summer,hurdle,Moose_Summer,Spruce,5,0.149495893116987,0.0414920916323207,0.2031811829525,0.235565855911004
mammal,mammal_summer,north,summer,hurdle,Moose_Summer,TreedBog,5,0.0831232149942555,0.0507157674962523,0.185404456677778,0.220086339128002
mammal,mammal_summer,north,summer,hurdle,Moose_Summer,TreedFen,5,0.0661749005924134,0.0412152047072714,0.167991265723248,0.215755214969767
mammal,mammal_summer,north,summer,hurdle,Moose_Summer,TreedSwamp,5,0.109938505131459,0.0696327925801873,0.168237000366661,0.206120898221515
mammal,mammal_summer,north,summer,hurdle,Moose_Summer,GrassHerb,5,0.075628548099574,0.0261456535467499,0.177520264561312,0.217309032186079
mammal,mammal_summer,north,summer,hurdle,Moose_Summer,Shrub,5,0.0326122274234979,0.0136598579410703,0.141245574853981,0.21246000489003
mammal,mammal_summer,north,summer,hurdle,Moose_Summer,GraminoidFen,5,0.0611928153891843,0.0382261984529277,0.151587380336666,0.209768209450013
mammal,mammal_summer,north,summer,hurdle,Moose_Summer,Marsh,5,0.0611928153891843,0.0382261984529277,0.151587380336666,0.209768209450013
mammal,mammal_summer,north,summer,hurdle,Moose_Summer,ShrubbyBog,5,0.0339030847994837,0.0236988732741335,0.132447228737797,0.18495503014443
mammal,mammal_summer,north,summer,hurdle,Moose_Summer,ShrubbyFen,5,0.0339030847994837,0.0236988732741335,0.132447228737797,0.18495503014443
mammal,mammal_summer,north,summer,hurdle,Moose_Summer,ShrubbySwamp,5,0.0872497782130119,0.0335407714587239,0.167503406748117,0.209165825893222
mammal,mammal_summer,north,summer,hurdle,Moose_Summer,CCDecidR,5,0.0822796132620831,0.0515235189051686,0.170474280421734,0.21808869173414
mammal,mammal_summer,north,summer,hurdle,Moose_Summer,CCDecid1,5,0.069679309721374,0.0355218706336958,0.168620576756719,0.21808869173414
mammal,mammal_summer,north,summer,hurdle,Moose_Summer,CCDecid2,5,0.032357214387318,0.0248595547128921,0.146396623132516,0.21808869173414
mammal,mammal_summer,north,summer,hurdle,Moose_Summer,CCDecid3,5,0.0720473671206,0.0372344323687945,0.161805519680996,0.21808869173414
mammal,mammal_summer,north,summer,hurdle,Moose_Summer,CCDecid4,5,0.0720473671206,0.0372344323687945,0.161805519680996,0.21808869173414
mammal,mammal_summer,north,summer,hurdle,Moose_Summer,CCMixedwoodR,5,0.0773807616012798,0.0372344323687945,0.165444063073026,0.21808869173414
mammal,mammal_summer,north,summer,hurdle,Moose_Summer,CCMixedwood1,5,0.0608761758239522,0.0364039570795283,0.156847885856327,0.21808869173414
mammal,mammal_summer,north,summer,hurdle,Moose_Summer,CCMixedwood2,5,0.0773807616012798,0.0580351329278593,0.17631451751749,0.21808869173414
mammal,mammal_summer,north,summer,hurdle,Moose_Summer,CCMixedwood3,5,0.0720473671206,0.0372344323687945,0.161805519680996,0.21808869173414
mammal,mammal_summer,north,summer,hurdle,Moose_Summer,CCMixedwood4,5,0.0720473671206,0.0372344323687945,0.161805519680996,0.21808869173414
mammal,mammal_summer,north,summer,hurdle,Moose_Summer,CCPineR,5,0.108777731131181,0.062471120402669,0.177229603530075,0.21808869173414
mammal,mammal_summer,north,summer,hurdle,Moose_Summer,CCPine1,5,0.119039032137584,0.0513952512696187,0.188803760280334,0.21808869173414
mammal,mammal_summer,north,summer,hurdle,Moose_Summer,CCPine2,5,0.115940971223978,0.053258397405848,0.18143790825132,0.21808869173414
mammal,mammal_summer,north,summer,hurdle,Moose_Summer,CCPine3,5,0.115940971223978,0.053258397405848,0.18143790825132,0.21808869173414
mammal,mammal_summer,north,summer,hurdle,Moose_Summer,CCPine4,5,0.115940971223978,0.053258397405848,0.18143790825132,0.21808869173414
mammal,mammal_summer,north,summer,hurdle,Moose_Summer,CCSpruceR,5,0.10367101560494,0.0375393590984709,0.184191164454731,0.21808869173414
mammal,mammal_summer,north,summer,hurdle,Moose_Summer,CCSpruce1,5,0.10367101560494,0.0463839033519437,0.184191164454731,0.21808869173414
mammal,mammal_summer,north,summer,hurdle,Moose_Summer,CCSpruce2,5,0.106738230986072,0.0459739764621588,0.17484826458163,0.21808869173414
mammal,mammal_summer,north,summer,hurdle,Moose_Summer,CCSpruce3,5,0.10367101560494,0.0463839033519437,0.184191164454731,0.21808869173414
mammal,mammal_summer,north,summer,hurdle,Moose_Summer,CCSpruce4,5,0.10367101560494,0.0463839033519437,0.184191164454731,0.21808869173414
mammal,mammal_summer,north,summer,hurdle,Moose_Summer,HardLin,5,0.0549356072841527,0.0175622239362563,0.146080863883223,0.199206486594685
mammal,mammal_summer,north,summer,hurdle,Moose_Summer,EnSoftLin,5,0.123200481737908,0.0537508601064006,0.217041011876353,0.254675586066876
mammal,mammal_summer,north,summer,hurdle,Moose_Summer,EnSeismic,5,0.246411221826881,0.155607707364388,0.398976010987935,0.335886269080349
mammal,mammal_summer,north,summer,hurdle,Moose_Summer,TrSoftLin,5,0.0910848826238341,0.0453883298760255,0.188615144167118,0.229996454233121
mammal,mammal_summer,north,summer,hurdle,Moose_Summer,Urban,5,0.0549356072841527,0.0175622239362563,0.146080863883223,0.199206486594685
mammal,mammal_summer,north,summer,hurdle,Moose_Summer,Rural,5,0.0549356072841527,0.0175622239362563,0.146080863883223,0.199206486594685
mammal,mammal_summer,north,summer,hurdle,Moose_Summer,Industrial,5,0.0549356072841527,0.0175622239362563,0.146080863883223,0.199206486594685
mammal,mammal_summer,north,summer,hurdle,Moose_Summer,Well,5,0.058981013234745,0.0309053192126292,0.15075789028877,0.199206486594685
mammal,mammal_summer,north,summer,hurdle,Moose_Summer,Crop,5,0.0479480246139084,0.0268170909069881,0.145748422611594,0.199206486594685
mammal,mammal_summer,north,summer,hurdle,Moose_Summer,TameP,5,0.0392496874966303,0.0274349443035048,0.146562544163904,0.1994381725463
mammal,mammal_summer,north,summer,hurdle,Moose_Summer,RoughP,5,0.0550755736632679,0.0404684601258794,0.172883065458448,0.215418452552767
mammal,mammal_summer,south,summer,hurdle,Coyote_Summer,ClaySub,5,0.579435087877377,0.376740935259992,0.812560686850785,0.579435087877377
mammal,mammal_summer,south,summer,hurdle,Coyote_Summer,Other,5,0.579435087877377,0.376740935259992,0.812560686850785,0.579435087877377
mammal,mammal_summer,south,summer,hurdle,Coyote_Summer,RapidDrain,5,0.567189218503969,0.47199498238142,0.863506270114337,0.567189218503969
mammal,mammal_summer,south,summer,hurdle,Coyote_Summer,Loamy,5,0.619578949738156,0.532640086592042,0.853893944075329,0.619578949738156
mammal,mammal_summer,south,summer,hurdle,Coyote_Summer,SandyLoam,5,0.6537384667663,0.628666404398064,0.90339285272658,0.643635469946527
mammal,mammal_summer,south,summer,hurdle,Coyote_Summer,ThinBreak,5,0.579435087877377,0.339790490465082,0.785002657910113,0.579435087877377
mammal,mammal_summer,south,summer,hurdle,Coyote_Summer,Blowout,5,0.579435087877377,0.339790490465082,0.785002657910113,0.579435087877377
mammal,mammal_summer,south,summer,hurdle,Coyote_Summer,Urban,5,0.634662376939146,0.554815076281409,0.900026375504453,0.621422126393485
mammal,mammal_summer,south,summer,hurdle,Coyote_Summer,Rural,5,0.634662376939146,0.554815076281409,0.900026375504453,0.621422126393485
mammal,mammal_summer,south,summer,hurdle,Coyote_Summer,Industrial,5,0.634662376939146,0.554815076281409,0.900026375504453,0.621422126393485
mammal,mammal_summer,south,summer,hurdle,Coyote_Summer,Well,5,0.589288197329797,0.429483104909735,0.784402715446441,0.589288197329797
mammal,mammal_summer,south,summer,hurdle,Coyote_Summer,Mine,5,0.634662376939146,0.554815076281409,0.900026375504453,0.621422126393485
mammal,mammal_summer,south,summer,hurdle,Coyote_Summer,EnSoftLin,5,0.608027603006347,0.529391882081968,0.830531296526406,0.608027603006347
mammal,mammal_summer,south,summer,hurdle,Coyote_Summer,EnSeismic,5,0.608027603006347,0.529391882081968,0.830531296526406,0.608027603006347
mammal,mammal_summer,south,summer,hurdle,Coyote_Summer,HardLin,5,0.634662376939146,0.554815076281409,0.900026375504453,0.621422126393485
mammal,mammal_summer,south,summer,hurdle,Coyote_Summer,TrSoftLin,5,0.604343269149707,0.477137519935801,0.779049549335585,0.608027603006347
mammal,mammal_summer,south,summer,hurdle,Coyote_Summer,Crop,5,0.745680570130594,0.669286588806116,0.895353896938071,0.662627063162264
mammal,mammal_summer,south,summer,hurdle,Coyote_Summer,RoughP,5,0.657949420464453,0.611717289607787,0.844775926434602,0.64533268938427
mammal,mammal_summer,south,summer,hurdle,Coyote_Summer,TameP,5,0.771468831258731,0.611861000519867,0.858254448348948,0.641768541833134
mammal,mammal_summer,south,summer,hurdle,Coyote_Summer,WetlandMargin,5,0.619578949738156,0.365152799625488,0.811842717994965,0.619578949738156
mammal,mammal_summer,south,summer,hurdle,Moose_Summer,ClaySub,5,0.0638641563843588,0.00830012163249392,0.133193996743995,0.0638641563843588
mammal,mammal_summer,south,summer,hurdle,Moose_Summer,Other,5,0.0638641563843588,0.00830012163249392,0.133193996743995,0.0638641563843588
mammal,mammal_summer,south,summer,hurdle,Moose_Summer,RapidDrain,5,0.0244338800355817,0.00676763034913233,0.0349890815973205,0.0244338800355817
mammal,mammal_summer,south,summer,hurdle,Moose_Summer,Loamy,5,0.0190323866592316,0.00443315765678557,0.0324013334670289,0.0190323866592316
mammal,mammal_summer,south,summer,hurdle,Moose_Summer,SandyLoam,5,0.0172800345712338,0.00857253479874986,0.0229620525118943,0.0172800345712338
mammal,mammal_summer,south,summer,hurdle,Moose_Summer,ThinBreak,5,0.0205618898372336,0.00420810578005255,0.0301979259993108,0.0205618898372336
mammal,mammal_summer,south,summer,hurdle,Moose_Summer,Blowout,5,0.0205618898372336,0.00420810578005255,0.0301979259993108,0.0205618898372336
mammal,mammal_summer,south,summer,hurdle,Moose_Summer,Urban,5,0.0132113537340821,0.00321917119188162,0.0218039143419396,0.0132113537340821
mammal,mammal_summer,south,summer,hurdle,Moose_Summer,Rural,5,0.0132113537340821,0.00321917119188162,0.0218039143419396,0.0132113537340821
mammal,mammal_summer,south,summer,hurdle,Moose_Summer,Industrial,5,0.0132113537340821,0.00321917119188162,0.0218039143419396,0.0132113537340821
mammal,mammal_summer,south,summer,hurdle,Moose_Summer,Well,5,0.0132113537340821,0.00309255815343757,0.0217557138231168,0.0132113537340821
mammal,mammal_summer,south,summer,hurdle,Moose_Summer,Mine,5,0.0132113537340821,0.00321917119188162,0.0218039143419396,0.0132113537340821
mammal,mammal_summer,south,summer,hurdle,Moose_Summer,EnSoftLin,5,0.0161072340777825,0.00335300837512712,0.0275454895868135,0.0161072340777825
mammal,mammal_summer,south,summer,hurdle,Moose_Summer,EnSeismic,5,0.0161072340777825,0.00335300837512712,0.0275454895868135,0.0161072340777825
mammal,mammal_summer,south,summer,hurdle,Moose_Summer,HardLin,5,0.0132113537340821,0.00321917119188162,0.0218039143419396,0.0132113537340821
mammal,mammal_summer,south,summer,hurdle,Moose_Summer,TrSoftLin,5,0.0154437684506216,0.00496082637311666,0.0214922669449421,0.0154437684506216
mammal,mammal_summer,south,summer,hurdle,Moose_Summer,Crop,5,0.0173445429282449,0.00350689556269019,0.0345286310448205,0.0218726499714427
mammal,mammal_summer,south,summer,hurdle,Moose_Summer,RoughP,5,0.0139533680539032,0.00250898881213455,0.0206140837822618,0.0139533680539032
mammal,mammal_summer,south,summer,hurdle,Moose_Summer,TameP,5,0.0127631165173143,0.00219426816829498,0.0190386598095673,0.0127631165173143
mammal,mammal_summer,south,summer,hurdle,Moose_Summer,WetlandMargin,5,0.0190323866592316,0.00443315765678557,0.0324013334670289,0.0190323866592316
mammal,mammal_winter,north,winter,hurdle,Coyote_Winter,Decid,5,0.0215247007459494,0.0169379028802803,0.0284874228107134,0.023929637133342
mammal,mammal_winter,north,winter,hurdle,Coyote_Winter,Mixedwood,5,0.0176485137579288,0.0117453621845229,0.0267434314285739,0.0215965790600485
mammal,mammal_winter,north,winter,hurdle,Coyote_Winter,Pine,5,0.0198346111234909,0.0193922334339949,0.0275704351286727,0.0198346111234909
mammal,mammal_winter,north,winter,hurdle,Coyote_Winter,Spruce,5,0.0288083711793445,0.02276360207826,0.0432965026739425,0.0285640118330302
mammal,mammal_winter,north,winter,hurdle,Coyote_Winter,TreedBog,5,0.0231351271516251,0.0121621263662202,0.024585859437274,0.0231351271516251
mammal,mammal_winter,north,winter,hurdle,Coyote_Winter,TreedFen,5,0.0161703490073758,0.0103305688105141,0.022231837104831,0.0203256012952714
mammal,mammal_winter,north,winter,hurdle,Coyote_Winter,TreedSwamp,5,0.0363864950282561,0.0216431253096614,0.0499942531045655,0.0363864950282561
mammal,mammal_winter,north,winter,hurdle,Coyote_Winter,GrassHerb,5,0.0217737254053411,0.0139198944889084,0.0705741457755696,0.0349436819488887
mammal,mammal_winter,north,winter,hurdle,Coyote_Winter,Shrub,5,0.0246271437529468,0.0136653439880979,0.0485886389206459,0.0349436819488887
mammal,mammal_winter,north,winter,hurdle,Coyote_Winter,GraminoidFen,5,0.0233764199613657,0.0204477614213053,0.0340810120636668,0.0233764199613657
mammal,mammal_winter,north,winter,hurdle,Coyote_Winter,Marsh,5,0.0233764199613657,0.0204477614213053,0.0340810120636668,0.0233764199613657
mammal,mammal_winter,north,winter,hurdle,Coyote_Winter,ShrubbyBog,5,0.0147213637529,0.0121767957213658,0.0187511560816343,0.0185800194931585
mammal,mammal_winter,north,winter,hurdle,Coyote_Winter,ShrubbyFen,5,0.0147213637529,0.0121767957213658,0.0187511560816343,0.0185800194931585
mammal,mammal_winter,north,winter,hurdle,Coyote_Winter,ShrubbySwamp,5,0.0121644049723173,0.00801246344395918,0.0159561988639188,0.016554015196869
mammal,mammal_winter,north,winter,hurdle,Coyote_Winter,CCDecidR,5,0.0364174798693786,0.0184495155268272,0.0472771326687817,0.0364174798693786
mammal,mammal_winter,north,winter,hurdle,Coyote_Winter,CCDecid1,5,0.0364076924409662,0.0219046034584099,0.0365824504146867,0.0364076924409662
mammal,mammal_winter,north,winter,hurdle,Coyote_Winter,CCDecid2,5,0.0270943611884668,0.0163911517573477,0.0343820999694772,0.0313199309247969
mammal,mammal_winter,north,winter,hurdle,Coyote_Winter,CCDecid3,5,0.0349868266515764,0.0221950692485396,0.0365824504146867,0.0349868266515764
mammal,mammal_winter,north,winter,hurdle,Coyote_Winter,CCDecid4,5,0.0349868266515764,0.0221950692485396,0.0365824504146867,0.0349868266515764
mammal,mammal_winter,north,winter,hurdle,Coyote_Winter,CCMixedwoodR,5,0.0349868266515764,0.0221950692485396,0.048660767843984,0.0349868266515764
mammal,mammal_winter,north,winter,hurdle,Coyote_Winter,CCMixedwood1,5,0.0349868266515764,0.0237522967889377,0.0465595992164621,0.0349868266515764
mammal,mammal_winter,north,winter,hurdle,Coyote_Winter,CCMixedwood2,5,0.0349868266515764,0.0226852672834032,0.0427603388477375,0.0349868266515764
mammal,mammal_winter,north,winter,hurdle,Coyote_Winter,CCMixedwood3,5,0.0349868266515764,0.0221950692485396,0.0365824504146867,0.0349868266515764
mammal,mammal_winter,north,winter,hurdle,Coyote_Winter,CCMixedwood4,5,0.0349868266515764,0.0221950692485396,0.0365824504146867,0.0349868266515764
mammal,mammal_winter,north,winter,hurdle,Coyote_Winter,CCPineR,5,0.0190923447688606,0.0149216127997302,0.0266386140471931,0.0289061692019033
mammal,mammal_winter,north,winter,hurdle,Coyote_Winter,CCPine1,5,0.020800318211655,0.0149029330290882,0.0266702320453148,0.0277073960028091
mammal,mammal_winter,north,winter,hurdle,Coyote_Winter,CCPine2,5,0.0185862852995256,0.0155745055282898,0.0269179289466542,0.0289061692019033
mammal,mammal_winter,north,winter,hurdle,Coyote_Winter,CCPine3,5,0.0185862852995256,0.0155745055282898,0.0269179289466542,0.0289061692019033
mammal,mammal_winter,north,winter,hurdle,Coyote_Winter,CCPine4,5,0.0185862852995256,0.0155745055282898,0.0269179289466542,0.0289061692019033
mammal,mammal_winter,north,winter,hurdle,Coyote_Winter,CCSpruceR,5,0.0210466190352934,0.0148828808858681,0.0278501867777361,0.0301318841549511
mammal,mammal_winter,north,winter,hurdle,Coyote_Winter,CCSpruce1,5,0.0210466190352934,0.0148828808858681,0.0278501867777361,0.0301318841549511
mammal,mammal_winter,north,winter,hurdle,Coyote_Winter,CCSpruce2,5,0.020482402376974,0.0144704132356553,0.0278501867777361,0.0301318841549511
mammal,mammal_winter,north,winter,hurdle,Coyote_Winter,CCSpruce3,5,0.0210466190352934,0.0148828808858681,0.0278501867777361,0.0301318841549511
mammal,mammal_winter,north,winter,hurdle,Coyote_Winter,CCSpruce4,5,0.0210466190352934,0.0148828808858681,0.0278501867777361,0.0301318841549511
mammal,mammal_winter,north,winter,hurdle,Coyote_Winter,HardLin,5,0.0484183578512355,0.0309483197804586,0.0560972846186679,0.0543198268489983
mammal,mammal_winter,north,winter,hurdle,Coyote_Winter,EnSoftLin,5,0.0989836204912431,0.069743007955016,0.167151447571454,0.0989836204912431
mammal,mammal_winter,north,winter,hurdle,Coyote_Winter,EnSeismic,5,0.0468621423159454,0.0379449591404454,0.0568575204028804,0.046832439935615
mammal,mammal_winter,north,winter,hurdle,Coyote_Winter,TrSoftLin,5,0.0541347607671683,0.0435919929035909,0.0627330127383789,0.0541347607671683
mammal,mammal_winter,north,winter,hurdle,Coyote_Winter,Urban,5,0.0484183578512355,0.0309483197804586,0.0560972846186679,0.0543198268489983
mammal,mammal_winter,north,winter,hurdle,Coyote_Winter,Rural,5,0.0484183578512355,0.0309483197804586,0.0560972846186679,0.0543198268489983
mammal,mammal_winter,north,winter,hurdle,Coyote_Winter,Industrial,5,0.0484183578512355,0.0309483197804586,0.0560972846186679,0.0543198268489983
mammal,mammal_winter,north,winter,hurdle,Coyote_Winter,Well,5,0.0470719619997601,0.0230911003357151,0.0495742804059222,0.0496728368406262
mammal,mammal_winter,north,winter,hurdle,Coyote_Winter,Crop,5,0.0239099428233414,0.0185974121803875,0.0349298777275594,0.0323798781464309
mammal,mammal_winter,north,winter,hurdle,Coyote_Winter,TameP,5,0.0326187644912133,0.023197038618504,0.0343775856257446,0.0348007221563603
mammal,mammal_winter,north,winter,hurdle,Coyote_Winter,RoughP,5,0.0273447394135055,0.0150333257488427,0.0324002905486677,0.0323798781464309
mammal,mammal_winter,north,winter,hurdle,Moose_Winter,Decid,5,0.743305665259858,0.593091633660256,0.789087502927589,0.568428264613533
mammal,mammal_winter,north,winter,hurdle,Moose_Winter,Mixedwood,5,0.319110479728785,0.27208237027459,0.54200822020993,0.265716789996539
mammal,mammal_winter,north,winter,hurdle,Moose_Winter,Pine,5,0.144236218994791,0.10022673495497,0.237695748126675,0.144236218994791
mammal,mammal_winter,north,winter,hurdle,Moose_Winter,Spruce,5,0.316951298288236,0.19249836715505,0.384525718829423,0.245863824752863
mammal,mammal_winter,north,winter,hurdle,Moose_Winter,TreedBog,5,0.362998258346435,0.231875374602059,0.444787284906343,0.153582332650107
mammal,mammal_winter,north,winter,hurdle,Moose_Winter,TreedFen,5,0.312597798213775,0.234778900454404,0.417197845089155,0.196220956664201
mammal,mammal_winter,north,winter,hurdle,Moose_Winter,TreedSwamp,5,0.51633259709258,0.429091938633066,0.65151488284143,0.419777704102624
mammal,mammal_winter,north,winter,hurdle,Moose_Winter,GrassHerb,5,0.0499969445000865,0.0295280422648458,0.0722449212787727,0.0761531728978141
mammal,mammal_winter,north,winter,hurdle,Moose_Winter,Shrub,5,0.0646813206434672,0.0447443154772795,0.0740176968758066,0.0793837644792474
mammal,mammal_winter,north,winter,hurdle,Moose_Winter,GraminoidFen,5,0.128113958894917,0.086731932618269,0.203277969572144,0.128113958894917
mammal,mammal_winter,north,winter,hurdle,Moose_Winter,Marsh,5,0.128113958894917,0.086731932618269,0.203277969572144,0.128113958894917
mammal,mammal_winter,north,winter,hurdle,Moose_Winter,ShrubbyBog,5,0.170349048589789,0.128011231931264,0.347031048999254,0.170349048589789
mammal,mammal_winter,north,winter,hurdle,Moose_Winter,ShrubbyFen,5,0.170349048589789,0.128011231931264,0.347031048999254,0.170349048589789
mammal,mammal_winter,north,winter,hurdle,Moose_Winter,ShrubbySwamp,5,0.243778576933666,0.170950956167097,0.276981457535628,0.174097734120848
mammal,mammal_winter,north,winter,hurdle,Moose_Winter,CCDecidR,5,0.390322758156878,0.24213282381012,0.578494135565328,0.26876058901456
mammal,mammal_winter,north,winter,hurdle,Moose_Winter,CCDecid1,5,0.438273538252,0.223594620133148,0.621247929036178,0.301031134344717
mammal,mammal_winter,north,winter,hurdle,Moose_Winter,CCDecid2,5,0.424580614573172,0.214856401655936,0.631579949169482,0.300257214458358
mammal,mammal_winter,north,winter,hurdle,Moose_Winter,CCDecid3,5,0.382169835968011,0.202257751478417,0.577940851593645,0.26876058901456
mammal,mammal_winter,north,winter,hurdle,Moose_Winter,CCDecid4,5,0.382169835968011,0.202257751478417,0.577940851593645,0.26876058901456
mammal,mammal_winter,north,winter,hurdle,Moose_Winter,CCMixedwoodR,5,0.382169835968011,0.202257751478417,0.577940851593645,0.26876058901456
mammal,mammal_winter,north,winter,hurdle,Moose_Winter,CCMixedwood1,5,0.382169835968011,0.20680764692218,0.651717086632006,0.26876058901456
mammal,mammal_winter,north,winter,hurdle,Moose_Winter,CCMixedwood2,5,0.382169835968011,0.202257751478417,0.577940851593645,0.26876058901456
mammal,mammal_winter,north,winter,hurdle,Moose_Winter,CCMixedwood3,5,0.382169835968011,0.202257751478417,0.577940851593645,0.26876058901456
mammal,mammal_winter,north,winter,hurdle,Moose_Winter,CCMixedwood4,5,0.382169835968011,0.202257751478417,0.577940851593645,0.26876058901456
mammal,mammal_winter,north,winter,hurdle,Moose_Winter,CCPineR,5,0.257516440284706,0.150667864555583,0.320937431877625,0.222834547421847
mammal,mammal_winter,north,winter,hurdle,Moose_Winter,CCPine1,5,0.367032738512122,0.153797796335071,0.408352690453667,0.230659376870567
mammal,mammal_winter,north,winter,hurdle,Moose_Winter,CCPine2,5,0.299264533385581,0.150667864555583,0.326927019206703,0.222834547421847
mammal,mammal_winter,north,winter,hurdle,Moose_Winter,CCPine3,5,0.299264533385581,0.150667864555583,0.326927019206703,0.222834547421847
mammal,mammal_winter,north,winter,hurdle,Moose_Winter,CCPine4,5,0.299264533385581,0.150667864555583,0.326927019206703,0.222834547421847
mammal,mammal_winter,north,winter,hurdle,Moose_Winter,CCSpruceR,5,0.33031115076104,0.165344717010304,0.354066806053394,0.232399492763879
mammal,mammal_winter,north,winter,hurdle,Moose_Winter,CCSpruce1,5,0.321278673465362,0.165344717010304,0.354066806053394,0.232399492763879
mammal,mammal_winter,north,winter,hurdle,Moose_Winter,CCSpruce2,5,0.309235698414168,0.152978282893057,0.342198618765037,0.224646667829625
mammal,mammal_winter,north,winter,hurdle,Moose_Winter,CCSpruce3,5,0.321278673465362,0.165344717010304,0.354066806053394,0.232399492763879
mammal,mammal_winter,north,winter,hurdle,Moose_Winter,CCSpruce4,5,0.321278673465362,0.165344717010304,0.354066806053394,0.232399492763879
mammal,mammal_winter,north,winter,hurdle,Moose_Winter,HardLin,5,0.124834250138939,0.0976031879619042,0.161015010276017,0.119657771072368
mammal,mammal_winter,north,winter,hurdle,Moose_Winter,EnSoftLin,5,0.149578897160079,0.110196599487253,0.200795296959508,0.149578897160079
mammal,mammal_winter,north,winter,hurdle,Moose_Winter,EnSeismic,5,0.17621171145072,0.151563449331815,0.321389063867061,0.148917015269093
mammal,mammal_winter,north,winter,hurdle,Moose_Winter,TrSoftLin,5,0.161576038763776,0.133472855485968,0.334988361196439,0.170010118563354
mammal,mammal_winter,north,winter,hurdle,Moose_Winter,Urban,5,0.124834250138939,0.0976031879619042,0.161015010276017,0.119657771072368
mammal,mammal_winter,north,winter,hurdle,Moose_Winter,Rural,5,0.124834250138939,0.0976031879619042,0.161015010276017,0.119657771072368
mammal,mammal_winter,north,winter,hurdle,Moose_Winter,Industrial,5,0.124834250138939,0.0976031879619042,0.161015010276017,0.119657771072368
mammal,mammal_winter,north,winter,hurdle,Moose_Winter,Well,5,0.167342446883202,0.0996737795885326,0.235260454822506,0.167342446883202
mammal,mammal_winter,north,winter,hurdle,Moose_Winter,Crop,5,0.13230580933567,0.0989533856832414,0.175081497618559,0.123033265375711
mammal,mammal_winter,north,winter,hurdle,Moose_Winter,TameP,5,0.0761978867660244,0.0626235509195081,0.122200153021745,0.102432278679424
mammal,mammal_winter,north,winter,hurdle,Moose_Winter,RoughP,5,0.179999624870336,0.123544136127207,0.318886739486466,0.131080066156672
mammal,mammal_winter,south,winter,hurdle,Coyote_Winter,ClaySub,5,0.822350941282527,0.564721576685588,0.902847896976817,0.547378986013343
mammal,mammal_winter,south,winter,hurdle,Coyote_Winter,Other,5,0.822350941282527,0.564721576685588,0.902847896976817,0.547378986013343
mammal,mammal_winter,south,winter,hurdle,Coyote_Winter,RapidDrain,5,0.703309155717464,0.555321222902083,0.827461651558563,0.535469054342694
mammal,mammal_winter,south,winter,hurdle,Coyote_Winter,Loamy,5,0.817588806148305,0.548443636006928,0.872763956600932,0.537850119223136
mammal,mammal_winter,south,winter,hurdle,Coyote_Winter,SandyLoam,5,0.807001792632946,0.557211905149701,0.88451664389314,0.537850119223136
mammal,mammal_winter,south,winter,hurdle,Coyote_Winter,ThinBreak,5,0.818123827692734,0.555565174379291,0.845931184940945,0.547378986013343
mammal,mammal_winter,south,winter,hurdle,Coyote_Winter,Blowout,5,0.818123827692734,0.555565174379291,0.845931184940945,0.547378986013343
mammal,mammal_winter,south,winter,hurdle,Coyote_Winter,Urban,5,0.890800888100359,0.618470952341391,0.90323565954368,0.541340120053176
mammal,mammal_winter,south,winter,hurdle,Coyote_Winter,Rural,5,0.890800888100359,0.618470952341391,0.90323565954368,0.541340120053176
mammal,mammal_winter,south,winter,hurdle,Coyote_Winter,Industrial,5,0.890800888100359,0.618470952341391,0.90323565954368,0.541340120053176
mammal,mammal_winter,south,winter,hurdle,Coyote_Winter,Well,5,0.836243487485749,0.571006998954711,0.858962702047066,0.541340120053176
mammal,mammal_winter,south,winter,hurdle,Coyote_Winter,Mine,5,0.890800888100359,0.618470952341391,0.90323565954368,0.541340120053176
mammal,mammal_winter,south,winter,hurdle,Coyote_Winter,EnSoftLin,5,0.814175226069433,0.547613503979019,0.874411868748132,0.534554131355377
mammal,mammal_winter,south,winter,hurdle,Coyote_Winter,EnSeismic,5,0.814175226069433,0.547613503979019,0.874411868748132,0.534554131355377
mammal,mammal_winter,south,winter,hurdle,Coyote_Winter,HardLin,5,0.890800888100359,0.618470952341391,0.90323565954368,0.541340120053176
mammal,mammal_winter,south,winter,hurdle,Coyote_Winter,TrSoftLin,5,0.826862949231866,0.464464171910114,0.856952486011971,0.520766669143306
mammal,mammal_winter,south,winter,hurdle,Coyote_Winter,Crop,5,0.826142483695513,0.592096665574573,0.867149842462746,0.546104007294353
mammal,mammal_winter,south,winter,hurdle,Coyote_Winter,RoughP,5,0.810682771251767,0.57867711034817,0.896046995556526,0.541340120053176
mammal,mammal_winter,south,winter,hurdle,Coyote_Winter,TameP,5,0.835967807856813,0.590087861484664,0.870602954482249,0.547491721318661
mammal,mammal_winter,south,winter,hurdle,Coyote_Winter,WetlandMargin,5,0.841776259030486,0.633256861915724,0.937087335898482,0.537850119223136
mammal,mammal_winter,south,winter,hurdle,Moose_Winter,ClaySub,5,0.00578279539408642,0.00294709629848283,0.012716045120441,0.00578279539408642
mammal,mammal_winter,south,winter,hurdle,Moose_Winter,Other,5,0.00578279539408642,0.00294709629848283,0.012716045120441,0.00578279539408642
mammal,mammal_winter,south,winter,hurdle,Moose_Winter,RapidDrain,5,0.0105026506316965,0.00282353804046292,0.04993812156097,0.0105026506316965
mammal,mammal_winter,south,winter,hurdle,Moose_Winter,Loamy,5,0.00513692494203576,0.00222403648608284,0.0104028241345287,0.00513692494203576
mammal,mammal_winter,south,winter,hurdle,Moose_Winter,SandyLoam,5,0.00712222785450809,0.00297230760676107,0.0323909870151699,0.00712222785450809
mammal,mammal_winter,south,winter,hurdle,Moose_Winter,ThinBreak,5,0.0113857775964533,0.00620595274137331,0.022596015655191,0.0113857775964533
mammal,mammal_winter,south,winter,hurdle,Moose_Winter,Blowout,5,0.0113857775964533,0.00620595274137331,0.022596015655191,0.0113857775964533
mammal,mammal_winter,south,winter,hurdle,Moose_Winter,Urban,5,0.00452107771336638,0.00152466904882226,0.00780585643767519,0.00452107771336638
mammal,mammal_winter,south,winter,hurdle,Moose_Winter,Rural,5,0.00452107771336638,0.00152466904882226,0.00780585643767519,0.00452107771336638
mammal,mammal_winter,south,winter,hurdle,Moose_Winter,Industrial,5,0.00452107771336638,0.00152466904882226,0.00780585643767519,0.00452107771336638
mammal,mammal_winter,south,winter,hurdle,Moose_Winter,Well,5,0.00452107771336638,0.00152466904882226,0.00780585643767519,0.00452107771336638
mammal,mammal_winter,south,winter,hurdle,Moose_Winter,Mine,5,0.00452107771336638,0.00152466904882226,0.00780585643767519,0.00452107771336638
mammal,mammal_winter,south,winter,hurdle,Moose_Winter,EnSoftLin,5,0.00513692494203576,0.00211613204099217,0.0099228372629855,0.00513692494203576
mammal,mammal_winter,south,winter,hurdle,Moose_Winter,EnSeismic,5,0.00513692494203576,0.00211613204099217,0.0099228372629855,0.00513692494203576
mammal,mammal_winter,south,winter,hurdle,Moose_Winter,HardLin,5,0.00452107771336638,0.00152466904882226,0.00780585643767519,0.00452107771336638
mammal,mammal_winter,south,winter,hurdle,Moose_Winter,TrSoftLin,5,0.00498071216604,0.00141664690414779,0.00917631209935718,0.00498071216604
mammal,mammal_winter,south,winter,hurdle,Moose_Winter,Crop,5,0.00449311926621077,0.00168638787291805,0.00918727174507008,0.00449311926621077
mammal,mammal_winter,south,winter,hurdle,Moose_Winter,RoughP,5,0.0067604464527444,0.00219886873382249,0.0276703814247239,0.0067604464527444
mammal,mammal_winter,south,winter,hurdle,Moose_Winter,TameP,5,0.00445800890262925,0.0011233692177066,0.00744232176659842,0.00445800890262925
mammal,mammal_winter,south,winter,hurdle,Moose_Winter,WetlandMargin,5,0.00513692494203576,0.00222403648608284,0.0104028241345287,0.00513692494203576
mite,mite,north,,,Ceratozetes.gracilis,WhiteSpruce,5,0.0102721598563217,0.00715471386706027,0.0145326114268986,0.0140245523241566
mite,mite,north,,,Ceratozetes.gracilis,Pine,5,0.0137131456937762,0.0113208681440029,0.0198583797303688,0.0190318391556017
mite,mite,north,,,Ceratozetes.gracilis,Deciduous,5,0.0419895435582249,0.0318785038001686,0.0738570815054399,0.0659102684828086
mite,mite,north,,,Ceratozetes.gracilis,Mixedwood,5,0.0360745482187593,0.0187983923764792,0.0584515677254383,0.0360745482187593
mite,mite,north,,,Ceratozetes.gracilis,BlackSpruce,5,0.00506933557927685,0.00376749685856964,0.0104679406943217,0.0122333270217994
mite,mite,north,,,Ceratozetes.gracilis,TreedFen,5,0.00949436841370341,0.00500717830110075,0.0119860292426439,0.0128817556588155
mite,mite,north,,,Ceratozetes.gracilis,TreedSwamp,5,0.061421923343376,0.0382456463400108,0.121929812673505,0.061421923343376
mite,mite,north,,,Ceratozetes.gracilis,GraminoidFen,5,0.0164546108915562,0.00881727358484067,0.0273923201976842,0.0246160759474848
mite,mite,north,,,Ceratozetes.gracilis,ShrubbyFen,5,0.00874406982447618,0.00599221158044052,0.0237824318370538,0.0231774355740017
mite,mite,north,,,Ceratozetes.gracilis,ShrubbyBog,5,0.0030463995013817,0.00120397300447129,0.00391921428919227,0.00434888507766517
mite,mite,north,,,Ceratozetes.gracilis,ShrubbySwamp,5,0.0633579949842819,0.0494171642998844,0.0835346829927806,0.0620598776562816
mite,mite,north,,,Ceratozetes.gracilis,Marsh,5,0.0139708169973481,0.00817678617009308,0.0369379677309799,0.0139708169973481
mite,mite,north,,,Ceratozetes.gracilis,Shrub,5,0.021009994706587,0.0144404304492431,0.0621154731146993,0.0326917133555118
mite,mite,north,,,Ceratozetes.gracilis,Grass,5,0.0155614031928919,0.0117070997259304,0.0190061057161866,0.0198424321202836
mite,mite,north,,,Ceratozetes.gracilis,CCWhiteSpruceR,5,0.00145906946331353,0.00110246554548516,0.00251407856907734,0.00296318377307484
mite,mite,north,,,Ceratozetes.gracilis,CCWhiteSpruce1,5,0.00733330942443348,0.00372481242741027,0.01232435005305,0.0154489388605393
mite,mite,north,,,Ceratozetes.gracilis,CCWhiteSpruce2,5,0.00869219213722612,0.00430603955099368,0.0164036356140145,0.0202021550024924
mite,mite,north,,,Ceratozetes.gracilis,CCWhiteSpruce3,5,0.00869219213722612,0.00430603955099368,0.0164036356140145,0.0202021550024924
mite,mite,north,,,Ceratozetes.gracilis,CCWhiteSpruce4,5,0.00869219213722612,0.00430603955099368,0.0164036356140145,0.0202021550024924
mite,mite,north,,,Ceratozetes.gracilis,CCPineR,5,0.00113231817173019,0.000943611856652661,0.00208629558436305,0.00270898722191647
mite,mite,north,,,Ceratozetes.gracilis,CCPine1,5,0.00220467448193786,0.00159982858176423,0.00488408633392917,0.00560263822791497
mite,mite,north,,,Ceratozetes.gracilis,CCPine2,5,0.00753999417911515,0.00263432313689099,0.00983810253139207,0.00839874476683232
mite,mite,north,,,Ceratozetes.gracilis,CCPine3,5,0.00753999417911515,0.00263432313689099,0.00983810253139207,0.00839874476683232
mite,mite,north,,,Ceratozetes.gracilis,CCPine4,5,0.00753999417911515,0.00263432313689099,0.00983810253139207,0.00839874476683232
mite,mite,north,,,Ceratozetes.gracilis,CCDeciduousR,5,0.00622614692199154,0.00349911838500725,0.0116842851671796,0.0124894467727164
mite,mite,north,,,Ceratozetes.gracilis,CCDeciduous1,5,0.0201857384998523,0.0124305058492061,0.0316762391943219,0.0315697398121216
mite,mite,north,,,Ceratozetes.gracilis,CCDeciduous2,5,0.00568730085218266,0.00303223049800619,0.0117691164845202,0.0142578278538103
mite,mite,north,,,Ceratozetes.gracilis,CCDeciduous3,5,0.00568730085218266,0.00303223049800619,0.0117691164845202,0.0142578278538103
mite,mite,north,,,Ceratozetes.gracilis,CCDeciduous4,5,0.00568730085218266,0.00303223049800619,0.0117691164845202,0.0142578278538103
mite,mite,north,,,Ceratozetes.gracilis,CCMixedwoodR,5,0.00622614692199154,0.00349911838500725,0.0116842851671796,0.0124894467727164
mite,mite,north,,,Ceratozetes.gracilis,CCMixedwood1,5,0.0201857384998523,0.0124305058492061,0.0316762391943219,0.0315697398121216
mite,mite,north,,,Ceratozetes.gracilis,CCMixedwood2,5,0.00568730085218266,0.00303223049800619,0.0117691164845202,0.0142578278538103
mite,mite,north,,,Ceratozetes.gracilis,CCMixedwood3,5,0.00568730085218266,0.00303223049800619,0.0117691164845202,0.0142578278538103
mite,mite,north,,,Ceratozetes.gracilis,CCMixedwood4,5,0.00568730085218266,0.00303223049800619,0.0117691164845202,0.0142578278538103
mite,mite,north,,,Ceratozetes.gracilis,EnSeismic,5,0.00928889522762542,0.00622414921635469,0.0297264608094797,0.0431427656629786
mite,mite,north,,,Ceratozetes.gracilis,EnSoftLin,5,0.0100440395771807,0.004709630725824,0.0184046907818485,0.0191349522872354
mite,mite,north,,,Ceratozetes.gracilis,TrSoftLin,5,0.00854985842280526,0.00246837907751785,0.0099686716021626,0.0104216422917097
mite,mite,north,,,Ceratozetes.gracilis,HardLin,5,0.0100148328187436,0.0058598954135579,0.0133735097958914,0.0147237570029223
mite,mite,north,,,Ceratozetes.gracilis,UrbInd,5,0.0792581753031336,0.0445586547475523,0.110793194734777,0.0792581753031336
mite,mite,north,,,Ceratozetes.gracilis,Wellsites,5,0.0157808575713124,0.0109575298578701,0.0328323497840251,0.0243796022869871
mite,mite,north,,,Ceratozetes.gracilis,Crop,5,0.0254125124461608,0.0128510549404539,0.0458640062799612,0.0325207137703129
mite,mite,north,,,Ceratozetes.gracilis,TameP,5,0.0190000037034049,0.00867750921274693,0.0471399438340532,0.0432297466703646
mite,mite,north,,,Ceratozetes.gracilis,RoughP,5,0.106075388059961,0.0641356861012643,0.188477562833508,0.16378251919553
mite,mite,north,,,Trhypochthonius.tectorum,WhiteSpruce,5,0.0394857475434615,0.0194344004414981,0.0670017923672268,0.0454100702942058
mite,mite,north,,,Trhypochthonius.tectorum,Pine,5,0.0429413314976495,0.0214812518055131,0.0568894331044955,0.0540245549102675
mite,mite,north,,,Trhypochthonius.tectorum,Deciduous,5,0.0154170661057649,0.00745930803534025,0.0426364368931325,0.0467769583351974
mite,mite,north,,,Trhypochthonius.tectorum,Mixedwood,5,0.0282994701988188,0.0117846368090254,0.0431721884278335,0.0465669285383791
mite,mite,north,,,Trhypochthonius.tectorum,BlackSpruce,5,0.0156446110279516,0.0127794912003539,0.086215463904672,0.0781669036443615
mite,mite,north,,,Trhypochthonius.tectorum,TreedFen,5,0.0246352429845294,0.00569517745674629,0.0724751689250193,0.0660128866775939
mite,mite,north,,,Trhypochthonius.tectorum,TreedSwamp,5,0.0459480505762087,0.00899572780254302,0.0807258425516005,0.059434391666355
mite,mite,north,,,Trhypochthonius.tectorum,GraminoidFen,5,0.0229477899865102,0.00660910116311413,0.06214758200501,0.0533255128164798
mite,mite,north,,,Trhypochthonius.tectorum,ShrubbyFen,5,0.0250204427570318,0.00943545138708123,0.105756635738421,0.056016511718773
mite,mite,north,,,Trhypochthonius.tectorum,ShrubbyBog,5,0.00695295513522941,0.00371743134013496,0.0407322548597943,0.0562597597884134
mite,mite,north,,,Trhypochthonius.tectorum,ShrubbySwamp,5,0.00349830992158235,0.00154031084721905,0.0384781711617471,0.0398679512796629
mite,mite,north,,,Trhypochthonius.tectorum,Marsh,5,0.0114684995492736,0.00610947363791284,0.031983272768434,0.0433187130955129
mite,mite,north,,,Trhypochthonius.tectorum,Shrub,5,0.00641771386367267,0.00149403006775723,0.029708057554145,0.0407470625842792
mite,mite,north,,,Trhypochthonius.tectorum,Grass,5,0.0312166587168325,0.00889633528243011,0.0495513457910109,0.0536916558688223
mite,mite,north,,,Trhypochthonius.tectorum,CCWhiteSpruceR,5,0.087851578863436,0.0276012076062507,0.100358133377569,0.0911261638218472
mite,mite,north,,,Trhypochthonius.tectorum,CCWhiteSpruce1,5,0.0137654830009269,0.00557222919065331,0.0333472474145989,0.0461306170397789
mite,mite,north,,,Trhypochthonius.tectorum,CCWhiteSpruce2,5,0.0304595601888948,0.00859332116648274,0.0473241647351322,0.0461306170397789
mite,mite,north,,,Trhypochthonius.tectorum,CCWhiteSpruce3,5,0.0304595601888948,0.00859332116648274,0.0473241647351322,0.0461306170397789
mite,mite,north,,,Trhypochthonius.tectorum,CCWhiteSpruce4,5,0.0304595601888948,0.00859332116648274,0.0473241647351322,0.0461306170397789
mite,mite,north,,,Trhypochthonius.tectorum,CCPineR,5,0.11797977009165,0.0716919997701895,0.164502979867339,0.158981687296497
mite,mite,north,,,Trhypochthonius.tectorum,CCPine1,5,0.0416259101387942,0.0178333289570483,0.0570045183978202,0.0624999970758866
mite,mite,north,,,Trhypochthonius.tectorum,CCPine2,5,0.0416058554749524,0.0196299263331726,0.102183027700316,0.0624999970758866
mite,mite,north,,,Trhypochthonius.tectorum,CCPine3,5,0.0416058554749524,0.0196299263331726,0.102183027700316,0.0624999970758866
mite,mite,north,,,Trhypochthonius.tectorum,CCPine4,5,0.0416058554749524,0.0196299263331726,0.102183027700316,0.0624999970758866
mite,mite,north,,,Trhypochthonius.tectorum,CCDeciduousR,5,0.0292037302811804,0.0105765175267385,0.0638609969955317,0.0758256609216894
mite,mite,north,,,Trhypochthonius.tectorum,CCDeciduous1,5,0.00927032106896021,0.0042587298763641,0.0421851537524267,0.0461306170397789
mite,mite,north,,,Trhypochthonius.tectorum,CCDeciduous2,5,0.0071434147237284,0.00404148035199869,0.0365404302748405,0.0461306170397789
mite,mite,north,,,Trhypochthonius.tectorum,CCDeciduous3,5,0.0071434147237284,0.00404148035199869,0.0365404302748405,0.0461306170397789
mite,mite,north,,,Trhypochthonius.tectorum,CCDeciduous4,5,0.0071434147237284,0.00404148035199869,0.0365404302748405,0.0461306170397789
mite,mite,north,,,Trhypochthonius.tectorum,CCMixedwoodR,5,0.0292037302811804,0.0105765175267385,0.0638609969955317,0.0758256609216894
mite,mite,north,,,Trhypochthonius.tectorum,CCMixedwood1,5,0.00927032106896021,0.0042587298763641,0.0421851537524267,0.0461306170397789
mite,mite,north,,,Trhypochthonius.tectorum,CCMixedwood2,5,0.0071434147237284,0.00404148035199869,0.0365404302748405,0.0461306170397789
mite,mite,north,,,Trhypochthonius.tectorum,CCMixedwood3,5,0.0071434147237284,0.00404148035199869,0.0365404302748405,0.0461306170397789
mite,mite,north,,,Trhypochthonius.tectorum,CCMixedwood4,5,0.0071434147237284,0.00404148035199869,0.0365404302748405,0.0461306170397789
mite,mite,north,,,Trhypochthonius.tectorum,EnSeismic,5,0.0150298540092801,0.00487970658508403,0.0796437946117068,0.0834089416573685
mite,mite,north,,,Trhypochthonius.tectorum,EnSoftLin,5,0.0151467600781892,0.0046231304235287,0.0914725089720468,0.0478802872049836
mite,mite,north,,,Trhypochthonius.tectorum,TrSoftLin,5,0.00231544669389142,0.000830887384992062,0.03064970004828,0.0468035425561821
mite,mite,north,,,Trhypochthonius.tectorum,HardLin,5,0.0353500369895466,0.0103456301397578,0.055405203452712,0.0353500369895466
mite,mite,north,,,Trhypochthonius.tectorum,UrbInd,5,0.0213764276928926,0.00252933506160831,0.0387012781622709,0.0335752758675474
mite,mite,north,,,Trhypochthonius.tectorum,Wellsites,5,0.033939415802588,0.00993451686590656,0.126894128793527,0.0399206342672845
mite,mite,north,,,Trhypochthonius.tectorum,Crop,5,0.0114608689427535,0.00248651280400981,0.0444082523603005,0.0276062157536913
mite,mite,north,,,Trhypochthonius.tectorum,TameP,5,0.0308290810251023,0.0110029263001109,0.0771358591892674,0.0396030587559356
mite,mite,north,,,Trhypochthonius.tectorum,RoughP,5,0.0714106623632365,0.0130348302097785,0.165983452044736,0.0714106623632365
mite,mite,south,,,Ceratozetes.gracilis,Loamy,5,0.00808101143196459,0.0016207392148522,0.0174633482020339,0.00882687291847061
mite,mite,south,,,Ceratozetes.gracilis,SandyLoam,5,0.00308029027664852,0.00136735323790803,0.00335668375087707,0.0034847088953633
mite,mite,south,,,Ceratozetes.gracilis,ClaySub,5,0.00182686446591225,0.000551301167708902,0.00255940845646478,0.00262320814741028
mite,mite,south,,,Ceratozetes.gracilis,RapidDrain,5,0.00277400834477971,0.0023872020244556,0.00482653073951637,0.00608021031756068
mite,mite,south,,,Ceratozetes.gracilis,Blowout,5,0.000955956862870655,0.00060083281876712,0.00205343870432948,0.00237550963076549
mite,mite,south,,,Ceratozetes.gracilis,ThinBreak,5,0.00108919344605565,0.000587088915890356,0.00219875979679317,0.00242897446172947
mite,mite,south,,,Ceratozetes.gracilis,Other,5,0.00131583947131006,0.000874185124012239,0.00242047053127026,0.00263971632746513
mite,mite,south,,,Ceratozetes.gracilis,EnSeismic,5,0.00835839453074033,0.00426678711041527,0.0332341427605599,0.00718827301556243
mite,mite,south,,,Ceratozetes.gracilis,EnSoftLin,5,0.00835839453074033,0.00426678711041527,0.0332341427605599,0.00718827301556243
mite,mite,south,,,Ceratozetes.gracilis,TrSoftLin,5,0.00782010538323901,0.00296136986295269,0.0190154458378424,0.00782010538323901
mite,mite,south,,,Ceratozetes.gracilis,HardLin,5,0.000857882269526531,0.000540002525668197,0.00177545141273227,0.00235911183402676
mite,mite,south,,,Ceratozetes.gracilis,UrbInd,5,0.000912690250621134,0.000615008763429803,0.00160412414613674,0.00204648635172349
mite,mite,south,,,Ceratozetes.gracilis,Wellsites,5,0.00073043791427095,0.000342681767297562,0.00139736599182283,0.00170188942786697
mite,mite,south,,,Ceratozetes.gracilis,Crop,5,0.000865573045680914,0.000343855590582349,0.00391591974096471,0.00259320087178522
mite,mite,south,,,Ceratozetes.gracilis,TameP,5,0.000814344168693421,0.000675922956447004,0.0021578051053667,0.00302380446706365
mite,mite,south,,,Ceratozetes.gracilis,RoughP,5,0.00116986012195163,0.000573399888505842,0.00201559505541471,0.00240069830914299
mite,mite,south,,,Trhypochthonius.tectorum,Loamy,5,0.0130796885088541,0.00974376898623315,0.0421691194810228,0.0544473280466744
mite,mite,south,,,Trhypochthonius.tectorum,SandyLoam,5,0.0101719139805278,0.0078121674325146,0.0265020778999881,0.0309629294988475
mite,mite,south,,,Trhypochthonius.tectorum,ClaySub,5,0.00810026356871029,0.00554399917475387,0.0262048642490298,0.0372855553100201
mite,mite,south,,,Trhypochthonius.tectorum,RapidDrain,5,0.00470891550488383,0.0029479116054443,0.0140469239546165,0.0193187162515081
mite,mite,south,,,Trhypochthonius.tectorum,Blowout,5,0.00679693278998647,0.00400940538175401,0.0212493700388495,0.0258250448201751
mite,mite,south,,,Trhypochthonius.tectorum,ThinBreak,5,0.00431742975180868,0.0026988855859282,0.0153217341942861,0.0215938033932772
mite,mite,south,,,Trhypochthonius.tectorum,Other,5,0.00543311605540115,0.0017249123691186,0.0159501956987054,0.0209154741630786
mite,mite,south,,,Trhypochthonius.tectorum,EnSeismic,5,0.00218848996144008,0.00170111662865227,0.0089044869307167,0.012071708052853
mite,mite,south,,,Trhypochthonius.tectorum,EnSoftLin,5,0.00218848996144008,0.00170111662865227,0.0089044869307167,0.012071708052853
mite,mite,south,,,Trhypochthonius.tectorum,TrSoftLin,5,0.0021416742642729,0.0015786428997113,0.00657962986794352,0.00950883665281393
mite,mite,south,,,Trhypochthonius.tectorum,HardLin,5,0.00961214826175235,0.00429514334368352,0.0184057934930091,0.0233658844622869
mite,mite,south,,,Trhypochthonius.tectorum,UrbInd,5,0.00458440358742753,0.00191345237161373,0.0162420822395568,0.0233658844622869
mite,mite,south,,,Trhypochthonius.tectorum,Wellsites,5,0.00605835473530788,0.00316482367582537,0.0173531343798444,0.0247924008862883
mite,mite,south,,,Trhypochthonius.tectorum,Crop,5,0.0108598136663004,0.00491431184971441,0.026838371730351,0.0344211245391687
mite,mite,south,,,Trhypochthonius.tectorum,TameP,5,0.00666208954248976,0.00331975745298083,0.0217685548217177,0.0317175484607103
mite,mite,south,,,Trhypochthonius.tectorum,RoughP,5,0.00435992031802756,0.00192924676806901,0.0153162033122146,0.0201534578604257
vascular_plant,vascular_plant,north,,,Galium.boreale,WhiteSpruce,5,0.0374392031265178,0.0333692131906405,0.0433345653944808,0.0466370647602642
vascular_plant,vascular_plant,north,,,Galium.boreale,Pine,5,0.0500593438765839,0.0408049555459282,0.105240107802099,0.0500593438765839
vascular_plant,vascular_plant,north,,,Galium.boreale,Deciduous,5,0.391495895873286,0.254496804487091,0.402163195293294,0.215897634677168
vascular_plant,vascular_plant,north,,,Galium.boreale,Mixedwood,5,0.0810095418020126,0.0379869231315069,0.0961950903853699,0.032872236484059
vascular_plant,vascular_plant,north,,,Galium.boreale,BlackSpruce,5,0.0254674616646145,0.0158425843666888,0.0435953519065557,0.022750121589903
vascular_plant,vascular_plant,north,,,Galium.boreale,TreedFen,5,0.00502270579593102,0.00437032022683379,0.00714592120041284,0.00488295833356585
vascular_plant,vascular_plant,north,,,Galium.boreale,TreedSwamp,5,0.118774832996189,0.0803475724001394,0.264441595558989,0.118774832996189
vascular_plant,vascular_plant,north,,,Galium.boreale,GraminoidFen,5,0.0130058711269843,0.00939224816431556,0.0185730233320287,0.0130058711269843
vascular_plant,vascular_plant,north,,,Galium.boreale,ShrubbyFen,5,0.0164297495624466,0.0143281428330915,0.0199331852928648,0.0134413437619274
vascular_plant,vascular_plant,north,,,Galium.boreale,ShrubbyBog,5,0.00381694456221479,0.00284947146206666,0.00416465601549787,0.00381694456221479
vascular_plant,vascular_plant,north,,,Galium.boreale,ShrubbySwamp,5,0.108530709301707,0.0605738646315521,0.114251847865091,0.0601778189466999
vascular_plant,vascular_plant,north,,,Galium.boreale,Marsh,5,0.0303195892798742,0.0240370199820619,0.0400184400943712,0.0248817213967334
vascular_plant,vascular_plant,north,,,Galium.boreale,Shrub,5,0.0636708746674912,0.0476716418053174,0.120518777360074,0.0509427447460396
vascular_plant,vascular_plant,north,,,Galium.boreale,Grass,5,0.0217088138057536,0.0176938879165566,0.0548384650438043,0.0157402788563787
vascular_plant,vascular_plant,north,,,Galium.boreale,CCWhiteSpruceR,5,0.477222128053848,0.268619294592782,0.718584112281858,0.383065851974248
vascular_plant,vascular_plant,north,,,Galium.boreale,CCWhiteSpruce1,5,0.512664474399587,0.273048354454709,0.734787181463203,0.381159706709511
vascular_plant,vascular_plant,north,,,Galium.boreale,CCWhiteSpruce2,5,0.336004758372563,0.0866177087481736,0.503038421010211,0.134073305928807
vascular_plant,vascular_plant,north,,,Galium.boreale,CCWhiteSpruce3,5,0.336004758372563,0.0866177087481736,0.503038421010211,0.134073305928807
vascular_plant,vascular_plant,north,,,Galium.boreale,CCWhiteSpruce4,5,0.336004758372563,0.0866177087481736,0.503038421010211,0.134073305928807
vascular_plant,vascular_plant,north,,,Galium.boreale,CCPineR,5,0.184368836538832,0.112339902951841,0.592544885907604,0.1582478760585
vascular_plant,vascular_plant,north,,,Galium.boreale,CCPine1,5,0.178323228748494,0.0944312519481362,0.421291284259476,0.105728116532866
vascular_plant,vascular_plant,north,,,Galium.boreale,CCPine2,5,0.103429645869795,0.0327474504737415,0.207096053070954,0.034845885680375
vascular_plant,vascular_plant,north,,,Galium.boreale,CCPine3,5,0.103429645869795,0.0327474504737415,0.207096053070954,0.034845885680375
vascular_plant,vascular_plant,north,,,Galium.boreale,CCPine4,5,0.103429645869795,0.0327474504737415,0.207096053070954,0.034845885680375
vascular_plant,vascular_plant,north,,,Galium.boreale,CCDeciduousR,5,0.32057396424405,0.183225375506266,0.453779124126605,0.215698096756669
vascular_plant,vascular_plant,north,,,Galium.boreale,CCDeciduous1,5,0.575267910405923,0.415636893665722,0.739486529308092,0.517792427897605
vascular_plant,vascular_plant,north,,,Galium.boreale,CCDeciduous2,5,0.488835240754203,0.429359375220111,0.628974155208788,0.411079620974547
vascular_plant,vascular_plant,north,,,Galium.boreale,CCDeciduous3,5,0.488835240754203,0.429359375220111,0.628974155208788,0.411079620974547
vascular_plant,vascular_plant,north,,,Galium.boreale,CCDeciduous4,5,0.488835240754203,0.429359375220111,0.628974155208788,0.411079620974547
vascular_plant,vascular_plant,north,,,Galium.boreale,CCMixedwoodR,5,0.32057396424405,0.183225375506266,0.453779124126605,0.215698096756669
vascular_plant,vascular_plant,north,,,Galium.boreale,CCMixedwood1,5,0.575267910405923,0.415636893665722,0.739486529308092,0.517792427897605
vascular_plant,vascular_plant,north,,,Galium.boreale,CCMixedwood2,5,0.488835240754203,0.429359375220111,0.628974155208788,0.411079620974547
vascular_plant,vascular_plant,north,,,Galium.boreale,CCMixedwood3,5,0.488835240754203,0.429359375220111,0.628974155208788,0.411079620974547
vascular_plant,vascular_plant,north,,,Galium.boreale,CCMixedwood4,5,0.488835240754203,0.429359375220111,0.628974155208788,0.411079620974547
vascular_plant,vascular_plant,north,,,Galium.boreale,EnSeismic,5,0.0322705170722364,0.0230594539873516,0.0482626435755474,0.0550597930196374
vascular_plant,vascular_plant,north,,,Galium.boreale,EnSoftLin,5,0.0330658481820695,0.0223970025521592,0.0355945662748708,0.0330658481820695
vascular_plant,vascular_plant,north,,,Galium.boreale,TrSoftLin,5,0.0271163602936753,0.0173228057640187,0.037172405180186,0.0426724289112729
vascular_plant,vascular_plant,north,,,Galium.boreale,HardLin,5,0.0179685654599828,0.0126487434552365,0.0260498499768669,0.0152195497846251
vascular_plant,vascular_plant,north,,,Galium.boreale,UrbInd,5,0.0268124105494291,0.0248743534215449,0.0334324484826879,0.0260231381636217
vascular_plant,vascular_plant,north,,,Galium.boreale,Wellsites,5,0.0256423967549138,0.0209953251743227,0.0461214967239676,0.0190579138992947
vascular_plant,vascular_plant,north,,,Galium.boreale,Crop,5,0.013672124479362,0.0115163163976427,0.0232606798636209,0.012042036542853
vascular_plant,vascular_plant,north,,,Galium.boreale,TameP,5,0.0144861626647328,0.0106777255014515,0.0203487482988822,0.0172878421770899
vascular_plant,vascular_plant,north,,,Galium.boreale,RoughP,5,0.131547628495493,0.076550261941709,0.157040313589425,0.0947839598426263
vascular_plant,vascular_plant,north,,,Vicia.americana,WhiteSpruce,5,0.00328686102375592,0.00212675122944704,0.00391474523204404,0.00381959988064463
vascular_plant,vascular_plant,north,,,Vicia.americana,Pine,5,0.01046399923648,0.0074924685118511,0.0138803201478345,0.0155059259418671
vascular_plant,vascular_plant,north,,,Vicia.americana,Deciduous,5,0.436765018936612,0.245683907178536,0.517177208179867,0.436765018936612
vascular_plant,vascular_plant,north,,,Vicia.americana,Mixedwood,5,0.0520407768186977,0.0339944817579022,0.0745743937468873,0.0505004500386359
vascular_plant,vascular_plant,north,,,Vicia.americana,BlackSpruce,5,0.0187255304615284,0.0125287122210643,0.0333788943810062,0.0187255304615284
vascular_plant,vascular_plant,north,,,Vicia.americana,TreedFen,5,0.00626918066404668,0.00321493408740833,0.00737118278045699,0.00626918066404668
vascular_plant,vascular_plant,north,,,Vicia.americana,TreedSwamp,5,0.0228909546198871,0.0135832508442986,0.0430941171968737,0.0202149765066307
vascular_plant,vascular_plant,north,,,Vicia.americana,GraminoidFen,5,0.0135563454263875,0.00903949116065579,0.0207009644089668,0.0149408384704638
vascular_plant,vascular_plant,north,,,Vicia.americana,ShrubbyFen,5,0.0155413131969093,0.00956914702042303,0.0187105923881176,0.0155413131969093
vascular_plant,vascular_plant,north,,,Vicia.americana,ShrubbyBog,5,0.00164559675785315,0.00148060148333466,0.00286167395797714,0.00288035092196388
vascular_plant,vascular_plant,north,,,Vicia.americana,ShrubbySwamp,5,0.0171724189914347,0.0131662587331599,0.0241301292385613,0.0195540890683284
vascular_plant,vascular_plant,north,,,Vicia.americana,Marsh,5,0.0104711263227363,0.00867414464248756,0.0347361666823628,0.0162897049172689
vascular_plant,vascular_plant,north,,,Vicia.americana,Shrub,5,0.0238622589247824,0.0168440278701544,0.0310683402874825,0.0238622589247824
vascular_plant,vascular_plant,north,,,Vicia.americana,Grass,5,0.030670229988894,0.0215275510873062,0.0436481913075912,0.0294286596923736
vascular_plant,vascular_plant,north,,,Vicia.americana,CCWhiteSpruceR,5,0.0418211090236362,0.0152789098681117,0.0730998392976096,0.0418211090236362
vascular_plant,vascular_plant,north,,,Vicia.americana,CCWhiteSpruce1,5,0.0629715243585932,0.0321343077668045,0.0959159858854704,0.0594047036921747
vascular_plant,vascular_plant,north,,,Vicia.americana,CCWhiteSpruce2,5,0.0565865098903527,0.0408509535382218,0.0964486926516381,0.055631413305491
vascular_plant,vascular_plant,north,,,Vicia.americana,CCWhiteSpruce3,5,0.0565865098903527,0.0408509535382218,0.0964486926516381,0.055631413305491
vascular_plant,vascular_plant,north,,,Vicia.americana,CCWhiteSpruce4,5,0.0565865098903527,0.0408509535382218,0.0964486926516381,0.055631413305491
vascular_plant,vascular_plant,north,,,Vicia.americana,CCPineR,5,0.0201647463247618,0.0100739950966346,0.0353623986021148,0.0235999426201235
vascular_plant,vascular_plant,north,,,Vicia.americana,CCPine1,5,0.0169483992172514,0.00763177748647143,0.0394713094204116,0.0169483992172514
vascular_plant,vascular_plant,north,,,Vicia.americana,CCPine2,5,0.00795847797282249,0.00586737831955678,0.0114510177640358,0.01169621704846
vascular_plant,vascular_plant,north,,,Vicia.americana,CCPine3,5,0.00795847797282249,0.00586737831955678,0.0114510177640358,0.01169621704846
vascular_plant,vascular_plant,north,,,Vicia.americana,CCPine4,5,0.00795847797282249,0.00586737831955678,0.0114510177640358,0.01169621704846
vascular_plant,vascular_plant,north,,,Vicia.americana,CCDeciduousR,5,0.0399505806676464,0.0143942373084423,0.0449125142906171,0.0399505806676464
vascular_plant,vascular_plant,north,,,Vicia.americana,CCDeciduous1,5,0.263960498353553,0.14104175796268,0.28366431295036,0.273903518006007
vascular_plant,vascular_plant,north,,,Vicia.americana,CCDeciduous2,5,0.167607252553558,0.0580233169731123,0.21415305111116,0.167607252553558
vascular_plant,vascular_plant,north,,,Vicia.americana,CCDeciduous3,5,0.167607252553558,0.0580233169731123,0.21415305111116,0.167607252553558
vascular_plant,vascular_plant,north,,,Vicia.americana,CCDeciduous4,5,0.167607252553558,0.0580233169731123,0.21415305111116,0.167607252553558
vascular_plant,vascular_plant,north,,,Vicia.americana,CCMixedwoodR,5,0.0399505806676464,0.0143942373084423,0.0449125142906171,0.0399505806676464
vascular_plant,vascular_plant,north,,,Vicia.americana,CCMixedwood1,5,0.263960498353553,0.14104175796268,0.28366431295036,0.273903518006007
vascular_plant,vascular_plant,north,,,Vicia.americana,CCMixedwood2,5,0.167607252553558,0.0580233169731123,0.21415305111116,0.167607252553558
vascular_plant,vascular_plant,north,,,Vicia.americana,CCMixedwood3,5,0.167607252553558,0.0580233169731123,0.21415305111116,0.167607252553558
vascular_plant,vascular_plant,north,,,Vicia.americana,CCMixedwood4,5,0.167607252553558,0.0580233169731123,0.21415305111116,0.167607252553558
vascular_plant,vascular_plant,north,,,Vicia.americana,EnSeismic,5,0.0198087913155123,0.0137143044386733,0.0267285704598637,0.02763145629096
vascular_plant,vascular_plant,north,,,Vicia.americana,EnSoftLin,5,0.0397873802617532,0.0255526660413561,0.065088548692643,0.0815293962612943
vascular_plant,vascular_plant,north,,,Vicia.americana,TrSoftLin,5,0.00853001872645728,0.00656358681976996,0.011404689546475,0.00853001872645728
vascular_plant,vascular_plant,north,,,Vicia.americana,HardLin,5,0.0473141635621907,0.0296525411207059,0.0506332189977675,0.0526208550143497
vascular_plant,vascular_plant,north,,,Vicia.americana,UrbInd,5,0.0392208289832895,0.0199646342228563,0.046958483304894,0.0392208289832895
vascular_plant,vascular_plant,north,,,Vicia.americana,Wellsites,5,0.0110373214773055,0.00600630982870938,0.0134808365269019,0.010004427955462
vascular_plant,vascular_plant,north,,,Vicia.americana,Crop,5,0.0171174183070504,0.0122282619634417,0.0285591627305329,0.0297712277168652
vascular_plant,vascular_plant,north,,,Vicia.americana,TameP,5,0.0196881354547364,0.0158885693958968,0.0240025384044252,0.0196881354547364
vascular_plant,vascular_plant,north,,,Vicia.americana,RoughP,5,0.0158934541199885,0.0108164693184258,0.0212560074572336,0.0170997216332836
vascular_plant,vascular_plant,south,,,Galium.boreale,Loamy,5,0.443747979001273,0.22324014345375,0.663184537388927,0.443747979001273
vascular_plant,vascular_plant,south,,,Galium.boreale,SandyLoam,5,0.0820142267647028,0.0109074954934366,0.0996570846589912,0.100045817887078
vascular_plant,vascular_plant,south,,,Galium.boreale,ClaySub,5,0.0229195713358895,0.00591495745643993,0.0501050159870325,0.0307985638018622
vascular_plant,vascular_plant,south,,,Galium.boreale,RapidDrain,5,0.370258218694941,0.166801923515199,0.733450823538383,0.622987009404475
vascular_plant,vascular_plant,south,,,Galium.boreale,Blowout,5,0.352366294752384,0.0723016284843112,0.516486411216731,0.352366294752384
vascular_plant,vascular_plant,south,,,Galium.boreale,ThinBreak,5,0.129261622662098,0.0776300469649367,0.196859424086492,0.226154821372081
vascular_plant,vascular_plant,south,,,Galium.boreale,Other,5,0.113661854698142,0.0455033200168779,0.177374152876428,0.144583233388928
vascular_plant,vascular_plant,south,,,Galium.boreale,EnSeismic,5,0.175883563378513,0.108802056347556,0.468529834203972,0.175883563378513
vascular_plant,vascular_plant,south,,,Galium.boreale,EnSoftLin,5,0.156233353525968,0.047708351232081,0.23663076662717,0.156233353525968
vascular_plant,vascular_plant,south,,,Galium.boreale,TrSoftLin,5,0.14837124090763,0.0821346557706723,0.19837425048036,0.194616817162544
vascular_plant,vascular_plant,south,,,Galium.boreale,HardLin,5,0.242133694821736,0.0867761461404134,0.349274168503963,0.242133694821736
vascular_plant,vascular_plant,south,,,Galium.boreale,UrbInd,5,0.328736531619323,0.0949492115815193,0.393059499739328,0.205104426419453
vascular_plant,vascular_plant,south,,,Galium.boreale,Wellsites,5,0.810910668167771,0.41548179665116,0.880124470060476,0.647891869536858
vascular_plant,vascular_plant,south,,,Galium.boreale,Crop,5,0.0366764990739023,0.00640310017939445,0.0638612606634286,0.0731673082567089
vascular_plant,vascular_plant,south,,,Galium.boreale,TameP,5,0.0818692355535502,0.0331745410028261,0.102600019362093,0.0961447421899536
vascular_plant,vascular_plant,south,,,Galium.boreale,RoughP,5,0.227738111578725,0.0431090309174861,0.253048576068725,0.227738111578725
vascular_plant,vascular_plant,south,,,Vicia.americana,Loamy,5,0.738481461548948,0.465938105000844,0.787684315008132,0.797006368028765
vascular_plant,vascular_plant,south,,,Vicia.americana,SandyLoam,5,0.429591660006352,0.18559523887094,0.635761340775386,0.600153638546782
vascular_plant,vascular_plant,south,,,Vicia.americana,ClaySub,5,0.918818814249119,0.750951128555063,0.931854331664212,0.939800764723441
vascular_plant,vascular_plant,south,,,Vicia.americana,RapidDrain,5,0.222936238536632,0.0770902648886913,0.366497963732066,0.441178433676612
vascular_plant,vascular_plant,south,,,Vicia.americana,Blowout,5,0.0815559302647169,0.0593766906632077,0.333040559882829,0.413948315650876
vascular_plant,vascular_plant,south,,,Vicia.americana,ThinBreak,5,0.794217592690998,0.625082173044825,0.920046117675071,0.939805391146715
vascular_plant,vascular_plant,south,,,Vicia.americana,Other,5,0.155124149658055,0.0754988315158589,0.199790015740101,0.227541198415253
vascular_plant,vascular_plant,south,,,Vicia.americana,EnSeismic,5,0.164253089427457,0.117698993828618,0.382807659861464,0.449818210083466
vascular_plant,vascular_plant,south,,,Vicia.americana,EnSoftLin,5,0.114939317241677,0.041519411445619,0.21671085302802,0.282198362913929
vascular_plant,vascular_plant,south,,,Vicia.americana,TrSoftLin,5,0.0298012477178091,0.0131757224979755,0.0429766136343858,0.0512401981810537
vascular_plant,vascular_plant,south,,,Vicia.americana,HardLin,5,0.0377380912768181,0.0198388165158529,0.0719421996838765,0.0924126958339971
vascular_plant,vascular_plant,south,,,Vicia.americana,UrbInd,5,0.0351612539447746,0.0164481806973647,0.0568001950386329,0.044785012783358
vascular_plant,vascular_plant,south,,,Vicia.americana,Wellsites,5,0.109234670448604,0.0544725102291996,0.291850133407204,0.119765505914902
vascular_plant,vascular_plant,south,,,Vicia.americana,Crop,5,0.015112697453394,0.00730492926166426,0.0188084951029659,0.0192844172387284
vascular_plant,vascular_plant,south,,,Vicia.americana,TameP,5,0.0211217114282728,0.0112458799686589,0.0276865189202504,0.0293888277575648
vascular_plant,vascular_plant,south,,,Vicia.americana,RoughP,5,0.0146158898601415,0.00859205349308942,0.0193513848626824,0.0211335108101242
