taxon,run,region,season,part,species,grid_unit,n,median,p10,p90,boot1,mean,sd
bird,bird,north,,,AMRO,SpruceR,100,0.0453157981893744,0.0417209620098413,0.0478817442652549,0.0460214970922903,0.0450996151685374,0.00220137110164757
bird,bird,north,,,AMRO,Spruce1,100,0.0324385280634937,0.0311566681195838,0.0341888332451377,0.0348507381455713,0.0325265341057305,0.0012639168834405
bird,bird,north,,,AMRO,Spruce2,100,0.0289218924682424,0.0277628761879378,0.0304117813925486,0.0314691851923315,0.0289925748114384,0.00114539261555198
bird,bird,north,,,AMRO,Spruce3,100,0.0251335258674396,0.0241425128487305,0.0263069630306662,0.0275986396962082,0.025141059512662,0.000993287670383826
bird,bird,north,,,AMRO,Spruce4,100,0.0229020290003797,0.0220212905165768,0.0239573042756533,0.0252157131909561,0.0228985832047266,0.000864616639216571
bird,bird,north,,,AMRO,Spruce5,100,0.0213369483224018,0.020587275752997,0.022278871044225,0.0235320177392087,0.021393606061894,0.000762029481878695
bird,bird,north,,,AMRO,Spruce6,100,0.0202438951504733,0.0195633289885895,0.0211193155649924,0.0222602046395292,0.0203160759564411,0.000699946956682666
bird,bird,north,,,AMRO,Spruce7,100,0.0194377202338493,0.0186978319847234,0.0204101420752993,0.0212606901038818,0.0195184595048535,0.000691549779795947
bird,bird,north,,,AMRO,Spruce8,100,0.0189094286528338,0.0180440903070491,0.0199160214363853,0.0204546292796539,0.0189189920295604,0.000740564512162788
bird,bird,north,,,AMRO,PineR,100,0.0555206607956055,0.052173472728493,0.0598873737678453,0.0535435973650151,0.0558949522042913,0.00302918984006682
bird,bird,north,,,AMRO,Pine1,100,0.0403098583543785,0.0383534609656472,0.0422961019622303,0.0405470054004968,0.0403027903741779,0.0015937523232536
bird,bird,north,,,AMRO,Pine2,100,0.0360244441322661,0.0341848281115691,0.0375061145229189,0.0366127459514038,0.0359223387445296,0.00139978027987082
bird,bird,north,,,AMRO,Pine3,100,0.0311749531135039,0.0296691953245088,0.0325518063593093,0.0321095693334898,0.0311499145296897,0.00120478566236032
bird,bird,north,,,AMRO,Pine4,100,0.0282918577118069,0.0270230378344934,0.0295920849381923,0.0293371593640406,0.028372440164808,0.00107395202317428
bird,bird,north,,,AMRO,Pine5,100,0.0264740067539667,0.0253044443953814,0.0277393710869579,0.0273782680404298,0.0265092094097746,0.000990284165600859
bird,bird,north,,,AMRO,Pine6,100,0.0251306675409661,0.0240428268892339,0.0264133549029606,0.0258985802241854,0.0251758158678255,0.000962748607422044
bird,bird,north,,,AMRO,Pine7,100,0.0241588173820796,0.0230239326026757,0.0255272447025791,0.0247356975011427,0.0241893698679639,0.000996973262973239
bird,bird,north,,,AMRO,Pine8,100,0.0232956357277545,0.0221048991722035,0.0249270677884672,0.0237978880218547,0.0234485246732031,0.00108913678458622
bird,bird,north,,,AMRO,DecidR,100,0.0232931226521976,0.0222016870658335,0.0244401093910209,0.0237579890560399,0.0232961375501765,0.000865947283513694
bird,bird,north,,,AMRO,Decid1,100,0.0309709740908135,0.0298782916059096,0.0323033498577838,0.0315584625182446,0.0310006480912542,0.0009437491423519
bird,bird,north,,,AMRO,Decid2,100,0.0326312142814857,0.0315511971474788,0.0339227119249816,0.0331998686079368,0.0326340695806031,0.000970224220876992
bird,bird,north,,,AMRO,Decid3,100,0.0327893528909598,0.031829940191831,0.0340082431202826,0.0333598077618143,0.0328155206156215,0.000941337056806172
bird,bird,north,,,AMRO,Decid4,100,0.0312024891837979,0.0302910179124397,0.0323043531507346,0.0317500403920757,0.0312455734444536,0.00087495888340753
bird,bird,north,,,AMRO,Decid5,100,0.0289017981518616,0.027985270603716,0.0299772131111922,0.0293809707313715,0.0289228639101217,0.000822270070245104
bird,bird,north,,,AMRO,Decid6,100,0.0262698495956491,0.0254070061432805,0.0272445729045223,0.0267049789894919,0.0262950709568848,0.000802896205088084
bird,bird,north,,,AMRO,Decid7,100,0.0235567750613208,0.0226962186146319,0.024600798537253,0.0239651842606415,0.0236028968852037,0.000813034313843839
bird,bird,north,,,AMRO,Decid8,100,0.0208461277841236,0.0200789461586309,0.0220593946620292,0.0212996862068994,0.0209830472645792,0.000838216227616122
bird,bird,north,,,AMRO,MixedwoodR,100,0.0225136263044904,0.0213342027082923,0.0236060273618158,0.0235968351556159,0.0225316673252772,0.000899580637652627
bird,bird,north,,,AMRO,Mixedwood1,100,0.030048308713013,0.0286868863404555,0.0311921917707368,0.0313443968700871,0.0299838568293439,0.00102758552966396
bird,bird,north,,,AMRO,Mixedwood2,100,0.0316184846573078,0.030328949819901,0.0328202095156922,0.0329746690631811,0.0315638519390332,0.00106631887868526
bird,bird,north,,,AMRO,Mixedwood3,100,0.0318255612736138,0.0305335444567056,0.033124910682676,0.0331335233264806,0.0317394907052747,0.00104730828569318
bird,bird,north,,,AMRO,Mixedwood4,100,0.0302999906488438,0.029008194273824,0.0314412194594963,0.0315346752432942,0.0302210700920481,0.000980610758380023
bird,bird,north,,,AMRO,Mixedwood5,100,0.0280343820989471,0.0268603067209121,0.0289687780152748,0.0291816753271841,0.0279745245236438,0.000918108090542574
bird,bird,north,,,AMRO,Mixedwood6,100,0.0254575630345778,0.0244342817834118,0.0263679485538951,0.0265238352270822,0.0254328765919638,0.000881007992464943
bird,bird,north,,,AMRO,Mixedwood7,100,0.022863521049402,0.0218235590944946,0.0237862786883488,0.0238026249249641,0.0228289493131665,0.000869979499058659
bird,bird,north,,,AMRO,Mixedwood8,100,0.020315319727905,0.0193118628641393,0.0213621971982815,0.0211552073327846,0.0202949734371198,0.000875114583424401
bird,bird,north,,,AMRO,TreedBogR,100,0.0343480811202649,0.0320064730803105,0.0370940170972134,0.0320053956170601,0.0345443106076889,0.0026553915483415
bird,bird,north,,,AMRO,TreedBog1,100,0.045799440272439,0.0426813875616046,0.0492629068348375,0.0425137445589404,0.0455107196072575,0.00376625818550088
bird,bird,north,,,AMRO,TreedBog2,100,0.0481976373102632,0.0447750313837096,0.051856104409837,0.0447249523823355,0.0478620132095901,0.00434594614151869
bird,bird,north,,,AMRO,TreedBog3,100,0.0484833437575021,0.0449377154976167,0.0521114388376198,0.0449404132061633,0.0481077311747481,0.00453042143966834
bird,bird,north,,,AMRO,TreedBog4,100,0.046115747844317,0.0429188620494475,0.0496099487113834,0.0427718272455254,0.0458155207730335,0.00419980151236573
bird,bird,north,,,AMRO,TreedBog5,100,0.0425931936921652,0.0397893175952824,0.045979852530471,0.0395803529352897,0.0424352117245306,0.00364543828359106
bird,bird,north,,,AMRO,TreedBog6,100,0.0386349528922134,0.0361415631335507,0.0419438938964989,0.0359754108602334,0.0386207093374783,0.00298901359393932
bird,bird,north,,,AMRO,TreedBog7,100,0.034670151589998,0.0322830630576646,0.0376015027734667,0.0322845170729035,0.0347261602283497,0.00232725612969124
bird,bird,north,,,AMRO,TreedBog8,100,0.0310562502870711,0.0287157451852939,0.0334514874137266,0.028693711490609,0.0309555881516992,0.00186274892085577
bird,bird,north,,,AMRO,TreedFenR,100,0.0435846780872057,0.039771352154516,0.0471193017761577,0.0416408069894085,0.0437128040402968,0.00317245240283168
bird,bird,north,,,AMRO,TreedFen1,100,0.0580263522983286,0.0531448312038189,0.0620121893909575,0.0553127557852217,0.0576281025810625,0.00494184143823945
bird,bird,north,,,AMRO,TreedFen2,100,0.0610920194919253,0.0560526859990829,0.0653121142526773,0.0581896606449257,0.0606084864219698,0.00563869360372212
bird,bird,north,,,AMRO,TreedFen3,100,0.0613162956175167,0.0564376750902263,0.0659384509661172,0.0584699872088007,0.0609201739245672,0.00584123138040056
bird,bird,north,,,AMRO,TreedFen4,100,0.0583227556054288,0.0537294813676154,0.0626740905066331,0.0556485357726957,0.0580159742329042,0.00541656360364217
bird,bird,north,,,AMRO,TreedFen5,100,0.0542101992192312,0.0498729250341259,0.0579222163234148,0.0514962494721526,0.0537328618357915,0.00472029086026956
bird,bird,north,,,AMRO,TreedFen6,100,0.0492652720679792,0.0453221828981325,0.0527468173922135,0.0468060185201128,0.0488989449341021,0.00389798603005803
bird,bird,north,,,AMRO,TreedFen7,100,0.044410344632461,0.0404330348721956,0.0470398865690049,0.0420039595905649,0.0439624608300439,0.00305450321257691
bird,bird,north,,,AMRO,TreedFen8,100,0.0394419829519752,0.0358362131956187,0.041809685776185,0.0373321210050387,0.0391813631222603,0.00239149542853536
bird,bird,north,,,AMRO,GrassHerb,100,0.0390732054878815,0.0370629718534208,0.0413430937764978,0.0414109112421211,0.0391575838805004,0.00168278588037314
bird,bird,north,,,AMRO,Shrub,100,0.0236160982337505,0.0217127150296048,0.02515110440827,0.0249051907368317,0.0235188167744106,0.00129789810652849
bird,bird,north,,,AMRO,GraminoidFen,100,0.0226045160937306,0.0199482537666973,0.0256359551369253,0.0240253006082896,0.0227171680724411,0.00211864448382486
bird,bird,north,,,AMRO,Marsh,100,0.0189862992433854,0.0169691232137142,0.0218649677026807,0.0201855790618525,0.0193400245463122,0.0019895533489297
bird,bird,north,,,AMRO,RoughP,100,0.0295728789339019,0.0270263880220283,0.0325453176100552,0.0283163935552878,0.0297331988761029,0.00212045643094372
bird,bird,north,,,AMRO,TameP,100,0.0345313741346262,0.0327958692765811,0.0366648550425349,0.037370361410168,0.0346505119315548,0.00150625094009715
bird,bird,north,,,AMRO,Crop,100,0.0302602622549935,0.0291146184798176,0.0315910227124775,0.0316675460758044,0.0303046299437705,0.00105919955807793
bird,bird,north,,,AMRO,Industrial,100,0.0355462060486967,0.0329086179219048,0.0378473551117588,0.0357679771660033,0.0355880551400925,0.00217607830326733
bird,bird,north,,,AMRO,Mine,100,0.0439467285029579,0.0397371772512139,0.0472472800606549,0.0436153300361437,0.0436541595206586,0.00286762868658333
bird,bird,north,,,AMRO,Rural,100,0.0403449714920184,0.0377777929704491,0.0428151202754916,0.041757773007241,0.0402970647065574,0.00196192871148835
bird,bird,north,,,AMRO,Urban,100,0.0402886796299785,0.0371446294468985,0.0434362555560145,0.0377072326980573,0.0402251495542748,0.00231103719626098
bird,bird,north,,,AMRO,CCSpruceR,100,0.0452337561682853,0.0426916984104921,0.0476839913708836,0.0464207068040547,0.0452051449310873,0.00199302567799036
bird,bird,north,,,AMRO,CCSpruce1,100,0.0325606303487111,0.0312427902914099,0.0341090005003465,0.0351307392341287,0.0326005339018926,0.00117748936164855
bird,bird,north,,,AMRO,CCSpruce2,100,0.0291015338334184,0.0277762238266673,0.0304444598532752,0.0316709611104685,0.0290447445207216,0.00106967931107875
bird,bird,north,,,AMRO,CCSpruce3,100,0.025164369766592,0.0241445891046945,0.0263969387318121,0.0276685704867883,0.0251580959596973,0.00094395077073145
bird,bird,north,,,AMRO,CCSpruce4,100,0.0229015504433397,0.0220193617748236,0.0239740856004474,0.0252324884758929,0.0229026301940956,0.000851672276896149
bird,bird,north,,,AMRO,CCPineR,100,0.0555996937228156,0.0525475720862633,0.0597649914373024,0.0540080569202541,0.0560311690456431,0.00289403530270954
bird,bird,north,,,AMRO,CCPine1,100,0.0402080476977053,0.0382945634132748,0.0425015871583363,0.0408727719768734,0.0403983559161357,0.00159205912492296
bird,bird,north,,,AMRO,CCPine2,100,0.0358385719042198,0.0342457041882732,0.0377747497774424,0.0368475016460527,0.0359897734294687,0.00138279466522213
bird,bird,north,,,AMRO,CCPine3,100,0.0310949451210627,0.0297461513982287,0.0325063124508487,0.0321909301394351,0.0311719884362774,0.0011698721495347
bird,bird,north,,,AMRO,CCPine4,100,0.0282974935522437,0.0270765190105173,0.0296214805809367,0.0293566765279551,0.0283776835947011,0.00106435099370742
bird,bird,north,,,AMRO,CCDecidR,100,0.0233212153933106,0.0221664698135492,0.024751617676522,0.0239640757885976,0.0233636444252993,0.00105448476769493
bird,bird,north,,,AMRO,CCDecid1,100,0.0310220058130434,0.0297855129858879,0.0324427098053739,0.031776862556441,0.0310679094465261,0.00106008651148892
bird,bird,north,,,AMRO,CCDecid2,100,0.0327151730709426,0.0315258467588742,0.0338690395364062,0.0333516171167642,0.0326784482570093,0.000975631059678998
bird,bird,north,,,AMRO,CCDecid3,100,0.0328379645136952,0.0319485549546509,0.034004676085772,0.0334030551273305,0.0328273680984871,0.000913266658131413
bird,bird,north,,,AMRO,CCDecid4,100,0.0312187121265433,0.0302843296345135,0.0323175164610531,0.0317664981841116,0.0312500804500209,0.000863902575050988
bird,bird,north,,,AMRO,CCMixedwoodR,100,0.0224851673731329,0.0213300482947342,0.0240027605325676,0.0238015239718475,0.0225958329490573,0.00105269556428139
bird,bird,north,,,AMRO,CCMixedwood1,100,0.0299361670330041,0.0287638048015755,0.0315721069486665,0.0315613154690116,0.0300476778396271,0.00110046359683953
bird,bird,north,,,AMRO,CCMixedwood2,100,0.0315254373576173,0.0305185146977775,0.0330804457124992,0.033125388239769,0.0316059107482884,0.00104864119080834
bird,bird,north,,,AMRO,CCMixedwood3,100,0.0317707193933351,0.0306394991632804,0.0330503163909276,0.033176477338817,0.0317507022200702,0.00101708077539072
bird,bird,north,,,AMRO,CCMixedwood4,100,0.0302986529733774,0.0290600413933271,0.0314080768893848,0.0315510213997294,0.0302253354630736,0.000968873429818947
bird,bird,north,,,AMRO,ShrubbySwamp,100,0.0290760084651047,0.0268220715819501,0.0316384747998912,0.0293807705242182,0.0292108889970048,0.00198092270987126
bird,bird,north,,,AMRO,ShrubbyBog,100,0.0257652411674559,1.66297778556656e-06,0.0978740661253768,0.0987592495876081,0.0369473546994712,0.0415942482408633
bird,bird,north,,,AMRO,ShrubbyFen,100,0.0193134819795452,0.0170692421832213,0.0218964990876536,0.0179711671460881,0.0193813438772219,0.00183060744979539
bird,bird,north,,,AMRO,TreedSwamp,100,0.0156990244434033,0.014024332400652,0.0173345421948698,0.0147780567655432,0.0157340406150181,0.00128402742042367
bird,bird,north,,,YEWA,SpruceR,100,0.0258059003593194,0.0230555026006903,0.0291608616561232,0.0244391479557886,0.0260632837819934,0.00236064955971857
bird,bird,north,,,YEWA,Spruce1,100,0.0233967810305313,0.0214719385573604,0.0261049015976601,0.0217244417914461,0.0235903007237747,0.00180518506941108
bird,bird,north,,,YEWA,Spruce2,100,0.0209817541889714,0.0193300800917332,0.0232282025881434,0.0191951189565087,0.0211242267698941,0.00152599913056282
bird,bird,north,,,YEWA,Spruce3,100,0.0162681609788821,0.0147106714062931,0.0180841466216167,0.0147168214368909,0.016380792585842,0.00132319700532379
bird,bird,north,,,YEWA,Spruce4,100,0.0121046627820393,0.0106958040908022,0.0135640442394313,0.0110142694942302,0.0121292850389428,0.00110126053472174
bird,bird,north,,,YEWA,Spruce5,100,0.00845932000663876,0.00744700342250717,0.00971382314719397,0.00804666353131241,0.00856814440885014,0.000790686151681835
bird,bird,north,,,YEWA,Spruce6,100,0.00569932983469614,0.00514685188959419,0.00646436403234132,0.00573844799961777,0.00577519317063004,0.000505243068349812
bird,bird,north,,,YEWA,Spruce7,100,0.00371361379943529,0.00331409890435817,0.00419355101921208,0.0039947676530843,0.00371902956925093,0.000337349092852027
bird,bird,north,,,YEWA,Spruce8,100,0.00228963782350845,0.00196742247737453,0.00271067243083717,0.00271460762119826,0.00229356755464532,0.000281920485631182
bird,bird,north,,,YEWA,PineR,100,0.0207691345854576,0.0174033498048115,0.0228762730707658,0.0205785305776538,0.0205114912565424,0.00214008293991893
bird,bird,north,,,YEWA,Pine1,100,0.0186406856831478,0.0162415811031418,0.0202787152234805,0.0182926626777856,0.0185494852891985,0.00154507787421873
bird,bird,north,,,YEWA,Pine2,100,0.0166036524311006,0.0151483844126347,0.0180717451299608,0.0161628933669374,0.0165982719582127,0.00116450304195735
bird,bird,north,,,YEWA,Pine3,100,0.0128098890231578,0.0118141215919208,0.0140042291377576,0.0123920261251661,0.0128572080621823,0.000827723340589603
bird,bird,north,,,YEWA,Pine4,100,0.00945124984398671,0.00868043196047663,0.0102645087505858,0.00927436103695466,0.00951472214030045,0.000653521715031588
bird,bird,north,,,YEWA,Pine5,100,0.00674393662756314,0.00616816453286032,0.00731754247320866,0.0067755435593238,0.00672076636527781,0.000466709156102917
bird,bird,north,,,YEWA,Pine6,100,0.00454365358968039,0.00415182563133405,0.00493169261752395,0.00483195354609082,0.0045320378915712,0.000313665114526669
bird,bird,north,,,YEWA,Pine7,100,0.0029388828914005,0.00260296675543148,0.00325273142057659,0.00336371989925068,0.00292131041560174,0.000248333523657648
bird,bird,north,,,YEWA,Pine8,100,0.00181342803191888,0.00151889994681461,0.00211551406639505,0.00228578492344407,0.00180430640055896,0.000236097286511073
bird,bird,north,,,YEWA,DecidR,100,0.0713799295891533,0.0678576960506982,0.0743286704376651,0.067934626437015,0.0711789316934066,0.00271487687224506
bird,bird,north,,,YEWA,Decid1,100,0.079293727081943,0.0761852370105126,0.082486479290911,0.0757433785005077,0.0792671484469857,0.00265983238351428
bird,bird,north,,,YEWA,Decid2,100,0.0860900531417247,0.082922807839961,0.0892102915771458,0.0824551590396893,0.0861086351548493,0.00264621886045084
bird,bird,north,,,YEWA,Decid3,100,0.0941920771443821,0.0908595092604864,0.0974891503141292,0.0909542914829032,0.0943060721495723,0.00266081192123134
bird,bird,north,,,YEWA,Decid4,100,0.0936087434422926,0.090435366190729,0.0966966131442094,0.0911816141264914,0.0934898897746714,0.00248429728265849
bird,bird,north,,,YEWA,Decid5,100,0.0838703950883926,0.0812928768159383,0.086521416616028,0.0830749476256945,0.0838896137720812,0.00207790698743545
bird,bird,north,,,YEWA,Decid6,100,0.0684235801332596,0.0655790475798236,0.0702848879331869,0.0687878278508456,0.0681410720019176,0.00180168317248172
bird,bird,north,,,YEWA,Decid7,100,0.0503620504404789,0.0475650790780452,0.0523253166471728,0.0517644774974931,0.0501138006435176,0.00186159260740777
bird,bird,north,,,YEWA,Decid8,100,0.0334140509840652,0.0306279824422591,0.0355945238011118,0.0354022441617264,0.0333806407706461,0.00191777987409448
bird,bird,north,,,YEWA,MixedwoodR,100,0.0335796612471765,0.0316452943728802,0.0352649111011364,0.0321181710498639,0.0335432453472603,0.00131318701107527
bird,bird,north,,,YEWA,Mixedwood1,100,0.0373702975787817,0.0353728765846889,0.038977333524164,0.0358099972600774,0.037355643348928,0.00131827878993109
bird,bird,north,,,YEWA,Mixedwood2,100,0.0407118947842382,0.0385210465153829,0.0421119025175775,0.0389831966535626,0.0405805636482012,0.00134742687786387
bird,bird,north,,,YEWA,Mixedwood3,100,0.0445145500512464,0.0424067851423268,0.0461538424017216,0.0430014212895615,0.0444451714357842,0.00141906971094722
bird,bird,north,,,YEWA,Mixedwood4,100,0.0441450321971031,0.0420350765457163,0.04573748633468,0.0431088950173672,0.044061431009595,0.00137584971210902
bird,bird,north,,,YEWA,Mixedwood5,100,0.0395733477548959,0.0379848178010108,0.0408922860159914,0.0392762206512514,0.0395372569517109,0.00119073760255442
bird,bird,north,,,YEWA,Mixedwood6,100,0.0321749034522656,0.0307683565319375,0.0334805228104308,0.0325215480961012,0.0321149478439944,0.00101486296625902
bird,bird,north,,,YEWA,Mixedwood7,100,0.0237028100463106,0.0223255255572483,0.0246770694164904,0.0244732389028849,0.023618453268053,0.00096599751071009
bird,bird,north,,,YEWA,Mixedwood8,100,0.0157260725281054,0.0144853812503229,0.0167647645493751,0.0167374929865786,0.0157319006117148,0.000941669353710266
bird,bird,north,,,YEWA,TreedBogR,100,0.0143580132064996,0.0118072212738189,0.0165336093944712,0.0131547525960213,0.0143678059912683,0.00201914759003631
bird,bird,north,,,YEWA,TreedBog1,100,0.0159391462285162,0.0131857387076289,0.0183906403520498,0.0146668268778186,0.0160036637021796,0.00225656254616864
bird,bird,north,,,YEWA,TreedBog2,100,0.0173013254454446,0.0143141453383539,0.0201569877120104,0.0159664853451186,0.0173877899832062,0.00246416189664085
bird,bird,north,,,YEWA,TreedBog3,100,0.0188924639213228,0.0157101664777534,0.02200531139078,0.0176122437813552,0.0190472743622873,0.00272456816362127
bird,bird,north,,,YEWA,TreedBog4,100,0.0186938615066282,0.0156816279052961,0.0219489117188058,0.0176562621751068,0.0188838006650918,0.00270778673558738
bird,bird,north,,,YEWA,TreedBog5,100,0.0167185839194502,0.0141022202834539,0.019700308189104,0.0160865002173325,0.016943380609176,0.00241488464439695
bird,bird,north,,,YEWA,TreedBog6,100,0.0135979020813469,0.0114577278954139,0.0160556915148757,0.0133199651555387,0.013759515640979,0.00194092376194612
bird,bird,north,,,YEWA,TreedBog7,100,0.00990257396782731,0.00833771270680631,0.0118230572790504,0.0100235907733028,0.0101155373248348,0.00142113877915867
bird,bird,north,,,YEWA,TreedBog8,100,0.00661987587452801,0.00554731513140581,0.00809501442722973,0.00685523403478533,0.00673440213700412,0.000964023555455542
bird,bird,north,,,YEWA,TreedFenR,100,0.0223196754568332,0.0182112384824091,0.0275996846713961,0.0236371088398181,0.0224570164965934,0.00374626704123302
bird,bird,north,,,YEWA,TreedFen1,100,0.0249436981213696,0.0202115965775307,0.030521066411374,0.0263540785518553,0.0250100948976757,0.00415381410852083
bird,bird,north,,,YEWA,TreedFen2,100,0.0270483308455691,0.0218578556146248,0.0329664676205056,0.0286893690426434,0.027169915664576,0.0045052590910095
bird,bird,north,,,YEWA,TreedFen3,100,0.0294721806361326,0.0238593004566589,0.0363640934885979,0.0316465490426032,0.0297585472858975,0.00493662695764524
bird,bird,north,,,YEWA,TreedFen4,100,0.0290854423692234,0.0237083115171516,0.0361897611197369,0.0317256434654338,0.0295021231731854,0.00489603023910756
bird,bird,north,,,YEWA,TreedFen5,100,0.0261886404163429,0.0210762890660682,0.0324800865795863,0.0289050176894887,0.0264726987692095,0.00438851544726438
bird,bird,north,,,YEWA,TreedFen6,100,0.0212057018794847,0.0173384961890155,0.0262679775617274,0.023933970922363,0.0215023647737929,0.00356833588631978
bird,bird,north,,,YEWA,TreedFen7,100,0.0155193137506566,0.0129299395252025,0.0189254964251493,0.0180108827091141,0.0158128757268091,0.00265484541631463
bird,bird,north,,,YEWA,TreedFen8,100,0.0102376809277843,0.00860765580988067,0.013058863115201,0.0123178229176012,0.010532189751227,0.00182894387806858
bird,bird,north,,,YEWA,GrassHerb,100,0.0947312643638259,0.0889249628100054,0.100199451470101,0.0901967196519561,0.0944066193044735,0.0042437926906028
bird,bird,north,,,YEWA,Shrub,100,0.0139904469872178,0.0111802847212396,0.0159918695876403,0.0157895871550544,0.0138505953641614,0.00197268605196626
bird,bird,north,,,YEWA,GraminoidFen,100,0.04874825587561,0.0419687273762599,0.0568475354876507,0.0584309966782358,0.0492440265196225,0.00597146322543179
bird,bird,north,,,YEWA,Marsh,100,0.0559508965435574,0.0495025815586377,0.0616629506999244,0.0508708598171353,0.0561027990054477,0.00498854699401975
bird,bird,north,,,YEWA,RoughP,100,0.0679454771769592,0.0602915816644146,0.075299333216823,0.0675367024470256,0.0679237420953667,0.00557388263070961
bird,bird,north,,,YEWA,TameP,100,0.0379315424480274,0.0354348531338903,0.0406558439739098,0.0388719938949029,0.0379825464428619,0.0020255724620624
bird,bird,north,,,YEWA,Crop,100,0.0485576151902138,0.0462774109063,0.0508050107887494,0.0480608449912437,0.0485918242991416,0.001685774620373
bird,bird,north,,,YEWA,Industrial,100,0.0224941176330885,0.0171275149904904,0.0290648513450976,0.0163774906175213,0.0227367879694119,0.0044905165785121
bird,bird,north,,,YEWA,Mine,100,0.0315874753316966,0.0228021706744131,0.0416381021827666,0.0425264275216284,0.0318949371537691,0.00757911452424699
bird,bird,north,,,YEWA,Rural,100,0.054696732741352,0.0515301086143517,0.0582792785349461,0.0511767629721787,0.0549134292928485,0.0026738348246258
bird,bird,north,,,YEWA,Urban,100,0.0202759234967507,0.0148212644425698,0.0254705949659134,0.0175580460951392,0.019990443308605,0.00390746203484089
bird,bird,north,,,YEWA,CCSpruceR,100,0.01513427251822,0.0135927928665555,0.0172631581628517,0.0140004857871316,0.015338431873604,0.00141799268951788
bird,bird,north,,,YEWA,CCSpruce1,100,0.0143670927674602,0.0129631014061376,0.0159569046196208,0.0129654763620514,0.0144331927918456,0.00110842962362535
bird,bird,north,,,YEWA,CCSpruce2,100,0.0143555622652544,0.0129573814765299,0.0153740214681469,0.0127102186233497,0.0142647082776877,0.000987904956694864
bird,bird,north,,,YEWA,CCSpruce3,100,0.0140470566216459,0.0125188610286976,0.0154037768622075,0.0125004237260447,0.0140195130198421,0.00108450829557963
bird,bird,north,,,YEWA,CCSpruce4,100,0.0115465740133045,0.0102445989715957,0.0130404660410451,0.0105517888223615,0.0116429758960467,0.00104674192766096
bird,bird,north,,,YEWA,CCPineR,100,0.0120357350021837,0.0101560496782443,0.0138521111166492,0.0117888489972604,0.012081551259413,0.00138601205490057
bird,bird,north,,,YEWA,CCPine1,100,0.0113104700859876,0.00993480711519828,0.012657806025639,0.0109173385362286,0.0113579186273518,0.00105647346215947
bird,bird,north,,,YEWA,CCPine2,100,0.0111405480572882,0.0102491462479047,0.0122924748827,0.0107024034987813,0.0112152473840429,0.000850658840707685
bird,bird,north,,,YEWA,CCPine3,100,0.0109255501247664,0.0101294918460268,0.0119363717985749,0.0105257496024575,0.0110064043054116,0.000700617910807245
bird,bird,north,,,YEWA,CCPine4,100,0.00907189161832925,0.00838531581848058,0.00987742361491229,0.00888493777781158,0.00913378736000295,0.000624061544525539
bird,bird,north,,,YEWA,CCDecidR,100,0.0417854433056198,0.0392802574008849,0.0448283617423058,0.0389177958906805,0.0419202686291423,0.00239899442692551
bird,bird,north,,,YEWA,CCDecid1,100,0.0518989525452812,0.0490995153001186,0.0549449189406683,0.048545974417128,0.051928860936978,0.00242280428084844
bird,bird,north,,,YEWA,CCDecid2,100,0.0649227192659271,0.0624670667276764,0.0679834436550535,0.0614429350398245,0.0650869102116705,0.00225789335099263
bird,bird,north,,,YEWA,CCDecid3,100,0.087017441779229,0.0843545240923817,0.0903212207733328,0.0836626760316502,0.0870905354267054,0.00230033756100812
bird,bird,north,,,YEWA,CCDecid4,100,0.090458510186748,0.0879278899398465,0.093634610561361,0.0881841836019783,0.0905597305649089,0.00232109100742643
bird,bird,north,,,YEWA,CCMixedwoodR,100,0.0198041912703992,0.0183548962068844,0.0210909569677834,0.0183995775182405,0.0197522931293181,0.00109259436216528
bird,bird,north,,,YEWA,CCMixedwood1,100,0.0245751735035351,0.0229664271354273,0.0259051422013967,0.0229515931990476,0.0244693941000217,0.00110942078004935
bird,bird,north,,,YEWA,CCMixedwood2,100,0.0306902191843747,0.0294194412323744,0.0318289923547572,0.0290490255252145,0.0306713400264574,0.00106277979567234
bird,bird,north,,,YEWA,CCMixedwood3,100,0.0412125182022987,0.0394345997454292,0.0424138941930156,0.0395540872189119,0.0410437162096035,0.00121391951989619
bird,bird,north,,,YEWA,CCMixedwood4,100,0.0427056779426716,0.0407900233390317,0.0441725489739734,0.0416917681213261,0.0426800959494734,0.001285611280395
bird,bird,north,,,YEWA,ShrubbySwamp,100,0.0848674600990438,0.0776541693619427,0.0938202252769605,0.079822188726824,0.08543286542377,0.00688402952439823
bird,bird,north,,,YEWA,ShrubbyBog,100,4.94393529377306e-06,4.21438344179516e-06,1.39116093678355e-05,4.42578200846098e-06,7.10143468426357e-06,4.08673870194804e-06
bird,bird,north,,,YEWA,ShrubbyFen,100,0.0471909279638024,0.0390373820923014,0.0577840880168621,0.0484352778746871,0.0477585314833013,0.00751662791464452
bird,bird,north,,,YEWA,TreedSwamp,100,0.0409172361032338,0.0373647890955802,0.0456591655463725,0.0406996342472028,0.0413845745912537,0.00317883817034569
bird,bird,south,,,AMRO,Loamy,100,0.0234335893326895,0.0216445843526741,0.0248778981354369,0.0239569869686121,0.0233501269715102,0.00132080928075704
bird,bird,south,,,AMRO,Blowout,100,0.00499554238234386,0.0042556987079752,0.00574979749264369,0.00559111949874543,0.00502977873617822,0.000629124853045308
bird,bird,south,,,AMRO,ClaySub,100,0.0224348885637114,0.0204605183889445,0.0250004792945613,0.0250347637306298,0.0225071102387328,0.00172512915961502
bird,bird,south,,,AMRO,Crop,100,0.0223660107759018,0.0206444308326838,0.0237231837428097,0.0236839952497224,0.0223041353818718,0.00125561218375014
bird,bird,south,,,AMRO,Industrial,100,0.0243378727884451,0.0191754665178972,0.0295182879475936,0.0233617397737627,0.0242873954290374,0.00404036968142537
bird,bird,south,,,AMRO,Mine,100,0.0198725518162761,0.0129175418326314,0.0275054280808188,0.0159069410465305,0.020356959798199,0.00540067388356708
bird,bird,south,,,AMRO,Other,100,0.0147998779975466,0.0107770591495182,0.0196873721411103,0.0210202102474962,0.0148916386712501,0.00319305018578676
bird,bird,south,,,AMRO,RapidDrain,100,0.0236380827310349,0.0217668837761917,0.0252766138206066,0.0251675270889975,0.0236128598045391,0.00144497579730029
bird,bird,south,,,AMRO,RoughP,100,0.011765020129244,0.0104296371857816,0.0128130187442308,0.0112036711001846,0.0116630770775761,0.000989639562864628
bird,bird,south,,,AMRO,Rural,100,0.0418694267013073,0.0388470983152844,0.0457416028272793,0.0437070809393601,0.0421592272678445,0.00263738653161335
bird,bird,south,,,AMRO,SandyLoam,100,0.0145707521397342,0.0127717038637975,0.0161960839542136,0.0148469628367301,0.0145016125084447,0.00135224384515863
bird,bird,south,,,AMRO,SoilUnknown,100,0.0242621626995963,0.0228752594280015,0.0258255187079289,0.0235542385568422,0.0243251438761264,0.00110363549792248
bird,bird,south,,,AMRO,TameP,100,0.0261364409599697,0.0239777066876319,0.0280134845524347,0.0286155273878474,0.0260382464414192,0.00157785889307455
bird,bird,south,,,AMRO,ThinBreak,100,0.0325825561103296,0.0283194796363846,0.0369255222762301,0.0338003999398653,0.0326259089885601,0.00385372285329678
bird,bird,south,,,AMRO,Urban,100,0.0485081054049768,0.0441824173661911,0.0517683440459195,0.0483719535027645,0.0482183318669784,0.00317296060882122
bird,bird,south,,,AMRO,Water,100,0.0143047364700037,0.0128029913994609,0.0216909142601028,0.0364343359767869,0.0166293463054064,0.0068685309534371
bird,bird,south,,,AMRO,Wellsites,100,0.0245515827010441,3.98851555141974e-06,0.0395104184732519,0.0437526708429192,0.0204591340888988,0.0161043182999796
bird,bird,south,,,YEWA,Loamy,100,0.0874717580712271,0.0818520892873384,0.0929677137634141,0.0911235422512483,0.0874432740566679,0.00456213135484644
bird,bird,south,,,YEWA,Blowout,100,0.0407302187508284,0.0353824311402768,0.0469383451059248,0.0401628947157703,0.0409894482991067,0.00459334088993516
bird,bird,south,,,YEWA,ClaySub,100,0.076544762088958,0.0703160072369989,0.0815704043311393,0.0776026172652354,0.0762219447968057,0.00472876248970963
bird,bird,south,,,YEWA,Crop,100,0.0467930636076172,0.0431084564014184,0.0492277333444469,0.0485578693440802,0.04650103505104,0.00248321240092358
bird,bird,south,,,YEWA,Industrial,100,0.0483634394110561,0.0319757692570242,0.0651269078530599,0.0332758320869208,0.0480067037923977,0.0132970108670473
bird,bird,south,,,YEWA,Mine,100,0.0939687254077518,0.0713212264381787,0.12028593865273,0.112500894420852,0.0936777282761831,0.0185487952274521
bird,bird,south,,,YEWA,Other,100,0.0775508529310558,0.0604936732621508,0.103044395888267,0.100975326566864,0.0795723036110002,0.0178204824525238
bird,bird,south,,,YEWA,RapidDrain,100,0.0675076986619596,0.0597046888631165,0.072642414722762,0.0626153705338298,0.0669049631720913,0.00504712780596178
bird,bird,south,,,YEWA,RoughP,100,0.0571651421949457,0.050384438235743,0.0637850587425596,0.0564654939180325,0.0568797595992508,0.00506171977550039
bird,bird,south,,,YEWA,Rural,100,0.0665087421452454,0.061767975504621,0.0723694717178437,0.0657781939712168,0.0668923764981493,0.00479475172948198
bird,bird,south,,,YEWA,SandyLoam,100,0.0487380757221449,0.0436768163079685,0.0569425743511672,0.0475053886435979,0.0499353577478132,0.00560659381170111
bird,bird,south,,,YEWA,SoilUnknown,100,0.0994095404310715,0.0951367991308465,0.104629952869831,0.0979710879919298,0.0996354978168518,0.00350490499244234
bird,bird,south,,,YEWA,TameP,100,0.0467311753460693,0.0425129313860689,0.0503828852206273,0.050747465664211,0.0466686544531314,0.00302661726653203
bird,bird,south,,,YEWA,ThinBreak,100,0.181853869145692,0.166988768994839,0.200908285071282,0.179236197079509,0.182882714741134,0.0134939591697454
bird,bird,south,,,YEWA,Urban,100,0.0466291472561802,0.0389277431987633,0.0544322250872091,0.0507331439696001,0.0468849693068978,0.00561851116024312
bird,bird,south,,,YEWA,Water,100,5.91599311153434e-07,5.03637011729544e-07,1.58609388407616e-06,6.60804504718257e-07,8.63352047136744e-07,4.53057515081382e-07
bird,bird,south,,,YEWA,Wellsites,100,8.05141409554558e-06,4.90475707300194e-06,0.368447604115081,0.413267228722246,0.0981184366879995,0.176483454689705
bryophyte,bryophyte,north,,,Bryum.All,WhiteSpruce,100,0.105145113155143,0.0800819844191163,0.139709900076922,0.105666560031913,0.10842291029479,0.029162409643242
bryophyte,bryophyte,north,,,Bryum.All,Pine,100,0.0681405771631012,0.053006420024785,0.0911086693390858,0.0672116807219031,0.0698910437091021,0.017540001132806
bryophyte,bryophyte,north,,,Bryum.All,Deciduous,100,0.0932795178427973,0.0718962818570533,0.117767608426725,0.0919819625968023,0.095206857394089,0.0239846413287658
bryophyte,bryophyte,north,,,Bryum.All,Mixedwood,100,0.0912727848753097,0.07005964711497,0.119092847379067,0.0937191187701653,0.0956128181529333,0.0221688867537816
bryophyte,bryophyte,north,,,Bryum.All,BlackSpruce,100,0.08137317178971,0.0643367160093171,0.10358788127609,0.082297728208448,0.0841312933087246,0.0195096134559031
bryophyte,bryophyte,north,,,Bryum.All,TreedFen,100,0.102918277386226,0.0854310262342975,0.129109499388226,0.103825175281253,0.105792763047871,0.0239629011558404
bryophyte,bryophyte,north,,,Bryum.All,TreedSwamp,100,0.149409245408447,0.113314296215408,0.195237580008866,0.14838302487508,0.1555710893708,0.0389009628985532
bryophyte,bryophyte,north,,,Bryum.All,GraminoidFen,100,0.100943294906489,0.0833910411367378,0.127697360519664,0.102608545171503,0.104779295168475,0.0233162083476369
bryophyte,bryophyte,north,,,Bryum.All,ShrubbyFen,100,0.108389091891154,0.0872115398463184,0.136132325952835,0.108214861633538,0.110721608541909,0.0253638981742328
bryophyte,bryophyte,north,,,Bryum.All,ShrubbyBog,100,0.0825762720241969,0.0659046285799403,0.107029650630765,0.0837594118723497,0.0855884266526918,0.0198011464153325
bryophyte,bryophyte,north,,,Bryum.All,ShrubbySwamp,100,0.148243770335883,0.116611712636968,0.196857457392333,0.147623294355338,0.153675332496738,0.0391695247426906
bryophyte,bryophyte,north,,,Bryum.All,Marsh,100,0.105377634532775,0.0820703727479661,0.135920270972407,0.105256814676515,0.108958738547775,0.02789532884339
bryophyte,bryophyte,north,,,Bryum.All,Shrub,100,0.203159102336418,0.139784340491809,0.279185312418978,0.19679926045177,0.206235751770058,0.0567866001443996
bryophyte,bryophyte,north,,,Bryum.All,Grass,100,0.193101395341733,0.13824967952757,0.272844157433723,0.195483946860916,0.20512368043071,0.0610357725784991
bryophyte,bryophyte,north,,,Bryum.All,CCWhiteSpruceR,100,0.167972664318452,0.134612031412293,0.220630310843727,0.169554083366261,0.175652280297768,0.0454748503042962
bryophyte,bryophyte,north,,,Bryum.All,CCWhiteSpruce1,100,0.180061195454833,0.139869985374393,0.228412337510033,0.177961608354587,0.185101771574993,0.0436263685172105
bryophyte,bryophyte,north,,,Bryum.All,CCWhiteSpruce2,100,0.19839208780605,0.161159840937309,0.251980412914513,0.202884480777997,0.205695335581386,0.0466870137842769
bryophyte,bryophyte,north,,,Bryum.All,CCWhiteSpruce3,100,0.19839208780605,0.161159840937309,0.251980412914513,0.202884480777997,0.205695335581386,0.0466870137842769
bryophyte,bryophyte,north,,,Bryum.All,CCWhiteSpruce4,100,0.19839208780605,0.161159840937309,0.251980412914513,0.202884480777997,0.205695335581386,0.0466870137842769
bryophyte,bryophyte,north,,,Bryum.All,CCPineR,100,0.159127657080697,0.12428163624014,0.206963609958793,0.16022882422794,0.166734846243422,0.0435951886174668
bryophyte,bryophyte,north,,,Bryum.All,CCPine1,100,0.1635789547965,0.127246646089867,0.214576624433672,0.164291720401128,0.169921975872376,0.0436630478724128
bryophyte,bryophyte,north,,,Bryum.All,CCPine2,100,0.164977496046308,0.130535139764519,0.21665240625425,0.166830898209846,0.17199103838715,0.0442481855074283
bryophyte,bryophyte,north,,,Bryum.All,CCPine3,100,0.164977496046308,0.130535139764519,0.21665240625425,0.166830898209846,0.17199103838715,0.0442481855074283
bryophyte,bryophyte,north,,,Bryum.All,CCPine4,100,0.164977496046308,0.130535139764519,0.21665240625425,0.166830898209846,0.17199103838715,0.0442481855074283
bryophyte,bryophyte,north,,,Bryum.All,CCDeciduousR,100,0.157596731010677,0.123533232086057,0.208001702809459,0.161533823124016,0.165141749142023,0.040998313413279
bryophyte,bryophyte,north,,,Bryum.All,CCDeciduous1,100,0.174218454026145,0.144083879398039,0.220753158828882,0.17800935952687,0.180607072017892,0.0394768195415169
bryophyte,bryophyte,north,,,Bryum.All,CCDeciduous2,100,0.148393548241215,0.118613995184231,0.200649126956334,0.150834982909368,0.155616408711326,0.0391488200873629
bryophyte,bryophyte,north,,,Bryum.All,CCDeciduous3,100,0.148393548241215,0.118613995184231,0.200649126956334,0.150834982909368,0.155616408711326,0.0391488200873629
bryophyte,bryophyte,north,,,Bryum.All,CCDeciduous4,100,0.148393548241215,0.118613995184231,0.200649126956334,0.150834982909368,0.155616408711326,0.0391488200873629
bryophyte,bryophyte,north,,,Bryum.All,CCMixedwoodR,100,0.157596731010677,0.123533232086057,0.208001702809459,0.161533823124016,0.165141749142023,0.040998313413279
bryophyte,bryophyte,north,,,Bryum.All,CCMixedwood1,100,0.174218454026145,0.144083879398039,0.220753158828882,0.17800935952687,0.180607072017892,0.0394768195415169
bryophyte,bryophyte,north,,,Bryum.All,CCMixedwood2,100,0.148393548241215,0.118613995184231,0.200649126956334,0.150834982909368,0.155616408711326,0.0391488200873629
bryophyte,bryophyte,north,,,Bryum.All,CCMixedwood3,100,0.148393548241215,0.118613995184231,0.200649126956334,0.150834982909368,0.155616408711326,0.0391488200873629
bryophyte,bryophyte,north,,,Bryum.All,CCMixedwood4,100,0.148393548241215,0.118613995184231,0.200649126956334,0.150834982909368,0.155616408711326,0.0391488200873629
bryophyte,bryophyte,north,,,Bryum.All,EnSeismic,100,0.144697756355913,0.106455963118396,0.213814498153731,0.143247261154779,0.153313603030612,0.0430534029880031
bryophyte,bryophyte,north,,,Bryum.All,EnSoftLin,100,0.188593400131986,0.13489799210619,0.262675279730385,0.181976104710237,0.191920799206589,0.0501550611864937
bryophyte,bryophyte,north,,,Bryum.All,TrSoftLin,100,0.172781065066998,0.130912601607773,0.239877322835837,0.169203477599876,0.182372128159911,0.0486065246892691
bryophyte,bryophyte,north,,,Bryum.All,HardLin,100,0.125344752959067,0.0816348221340244,0.194674661167178,0.124691301578451,0.13135404289831,0.0438947644362751
bryophyte,bryophyte,north,,,Bryum.All,UrbInd,100,0.163159462223434,0.12165320082971,0.215083386835005,0.15870235487759,0.165659762652791,0.0431162057551725
bryophyte,bryophyte,north,,,Bryum.All,Wellsites,100,0.128697854277048,0.0942127385784941,0.178474955370808,0.133875416816634,0.137743243872567,0.0390702844483414
bryophyte,bryophyte,north,,,Bryum.All,Crop,100,0.0801125376147465,0.0573689230339833,0.10793502742471,0.078395085879973,0.0833701271570822,0.0247903778421112
bryophyte,bryophyte,north,,,Bryum.All,TameP,100,0.142320544999387,0.102688206856692,0.191821132248881,0.14146232517738,0.148652250546317,0.0414507857811986
bryophyte,bryophyte,north,,,Bryum.All,RoughP,100,0.150427253442616,0.104574844510419,0.197195675278567,0.143669438263278,0.152296757163809,0.0413605697505934
bryophyte,bryophyte,north,,,Ceratodon.purpureus,WhiteSpruce,100,0.164860582477884,0.134853069652601,0.192501350329236,0.176935668903147,0.164541647587355,0.0235667712135083
bryophyte,bryophyte,north,,,Ceratodon.purpureus,Pine,100,0.159315579787524,0.135810160052821,0.19221984900916,0.172791155095638,0.162396352906267,0.0240737425920457
bryophyte,bryophyte,north,,,Ceratodon.purpureus,Deciduous,100,0.152620332731145,0.125559515806406,0.177303009454765,0.162052893569508,0.151201902132568,0.021964180405735
bryophyte,bryophyte,north,,,Ceratodon.purpureus,Mixedwood,100,0.146845501537219,0.118745931423119,0.176057337771945,0.15788444654738,0.147800622561227,0.0233080289026462
bryophyte,bryophyte,north,,,Ceratodon.purpureus,BlackSpruce,100,0.0636219224476367,0.0479707379628998,0.0809660234586989,0.0685353715648879,0.0642406684618674,0.013078433234681
bryophyte,bryophyte,north,,,Ceratodon.purpureus,TreedFen,100,0.0715804201550537,0.0567860494994432,0.0923505745362619,0.0794290899103082,0.0733195191139247,0.0142957214616244
bryophyte,bryophyte,north,,,Ceratodon.purpureus,TreedSwamp,100,0.114071149047979,0.0849060058805629,0.14737370504612,0.122922619803698,0.113731093315728,0.0229357074952571
bryophyte,bryophyte,north,,,Ceratodon.purpureus,GraminoidFen,100,0.075392110524871,0.0613525307033844,0.0946612382718551,0.0833874009572022,0.0764218893131942,0.0143540270227847
bryophyte,bryophyte,north,,,Ceratodon.purpureus,ShrubbyFen,100,0.0751223025630472,0.06005814009259,0.0944880060770491,0.0826619615495143,0.0760752184199071,0.0143929335402333
bryophyte,bryophyte,north,,,Ceratodon.purpureus,ShrubbyBog,100,0.0649062639453466,0.0495698429606779,0.0828124662429036,0.0696158682654045,0.0652275419814701,0.0131620133125403
bryophyte,bryophyte,north,,,Ceratodon.purpureus,ShrubbySwamp,100,0.112483916970666,0.0834823671082454,0.138943072543594,0.121979163778046,0.112730020522635,0.0225290797761646
bryophyte,bryophyte,north,,,Ceratodon.purpureus,Marsh,100,0.109962319012913,0.0854587953975059,0.138798552733471,0.121750013890524,0.112529300414951,0.0234829416497302
bryophyte,bryophyte,north,,,Ceratodon.purpureus,Shrub,100,0.267761144857668,0.198247422929589,0.33075417515222,0.275203776452487,0.264894285670303,0.0477660444999492
bryophyte,bryophyte,north,,,Ceratodon.purpureus,Grass,100,0.281601177417326,0.218068745709165,0.348157526671373,0.292406492273734,0.281477040189678,0.047950205571844
bryophyte,bryophyte,north,,,Ceratodon.purpureus,CCWhiteSpruceR,100,0.327599027698267,0.273802979781418,0.388497733841541,0.345415843034206,0.329287066453995,0.0505807619047001
bryophyte,bryophyte,north,,,Ceratodon.purpureus,CCWhiteSpruce1,100,0.292927873303288,0.235927431716159,0.361067692048257,0.310222319426016,0.297510047083707,0.0531904647956347
bryophyte,bryophyte,north,,,Ceratodon.purpureus,CCWhiteSpruce2,100,0.329202112101388,0.274146177337252,0.400276818617247,0.35184667493467,0.333661084466649,0.0518068411979977
bryophyte,bryophyte,north,,,Ceratodon.purpureus,CCWhiteSpruce3,100,0.329202112101388,0.274146177337252,0.400276818617247,0.35184667493467,0.333661084466649,0.0518068411979977
bryophyte,bryophyte,north,,,Ceratodon.purpureus,CCWhiteSpruce4,100,0.329202112101388,0.274146177337252,0.400276818617247,0.35184667493467,0.333661084466649,0.0518068411979977
bryophyte,bryophyte,north,,,Ceratodon.purpureus,CCPineR,100,0.309699131480725,0.261927321467136,0.377842746489874,0.332237563055896,0.315487330574139,0.051319649761016
bryophyte,bryophyte,north,,,Ceratodon.purpureus,CCPine1,100,0.333401270464723,0.281322764286266,0.403879894136602,0.354005283762296,0.337697835482731,0.0511536380998573
bryophyte,bryophyte,north,,,Ceratodon.purpureus,CCPine2,100,0.335924997286458,0.288095708500947,0.406500455717083,0.359033033466831,0.342120889637612,0.0507815332414888
bryophyte,bryophyte,north,,,Ceratodon.purpureus,CCPine3,100,0.335924997286458,0.288095708500947,0.406500455717083,0.359033033466831,0.342120889637612,0.0507815332414888
bryophyte,bryophyte,north,,,Ceratodon.purpureus,CCPine4,100,0.335924997286458,0.288095708500947,0.406500455717083,0.359033033466831,0.342120889637612,0.0507815332414888
bryophyte,bryophyte,north,,,Ceratodon.purpureus,CCDeciduousR,100,0.316181501482197,0.247656801002324,0.372557753458093,0.329698896772244,0.311961297382621,0.0487628824017863
bryophyte,bryophyte,north,,,Ceratodon.purpureus,CCDeciduous1,100,0.305489684287924,0.241540271153473,0.361353489611133,0.321691125624866,0.303659775851319,0.0482209397721768
bryophyte,bryophyte,north,,,Ceratodon.purpureus,CCDeciduous2,100,0.295377254337919,0.227696320389351,0.358423799144759,0.311263402327306,0.294860244373334,0.047411935326118
bryophyte,bryophyte,north,,,Ceratodon.purpureus,CCDeciduous3,100,0.295377254337919,0.227696320389351,0.358423799144759,0.311263402327306,0.294860244373334,0.047411935326118
bryophyte,bryophyte,north,,,Ceratodon.purpureus,CCDeciduous4,100,0.295377254337919,0.227696320389351,0.358423799144759,0.311263402327306,0.294860244373334,0.047411935326118
bryophyte,bryophyte,north,,,Ceratodon.purpureus,CCMixedwoodR,100,0.316181501482197,0.247656801002324,0.372557753458093,0.329698896772244,0.311961297382621,0.0487628824017863
bryophyte,bryophyte,north,,,Ceratodon.purpureus,CCMixedwood1,100,0.305489684287924,0.241540271153473,0.361353489611133,0.321691125624866,0.303659775851319,0.0482209397721768
bryophyte,bryophyte,north,,,Ceratodon.purpureus,CCMixedwood2,100,0.295377254337919,0.227696320389351,0.358423799144759,0.311263402327306,0.294860244373334,0.047411935326118
bryophyte,bryophyte,north,,,Ceratodon.purpureus,CCMixedwood3,100,0.295377254337919,0.227696320389351,0.358423799144759,0.311263402327306,0.294860244373334,0.047411935326118
bryophyte,bryophyte,north,,,Ceratodon.purpureus,CCMixedwood4,100,0.295377254337919,0.227696320389351,0.358423799144759,0.311263402327306,0.294860244373334,0.047411935326118
bryophyte,bryophyte,north,,,Ceratodon.purpureus,EnSeismic,100,0.150985771257141,0.108985125485924,0.203760486203204,0.165838564517478,0.154761579274989,0.0376158245468808
bryophyte,bryophyte,north,,,Ceratodon.purpureus,EnSoftLin,100,0.151316979581675,0.113589990474606,0.209157226138348,0.168995137454078,0.15718426402353,0.0382136496231722
bryophyte,bryophyte,north,,,Ceratodon.purpureus,TrSoftLin,100,0.16296753454101,0.123136745895139,0.233633794921744,0.180401709818175,0.169394170607427,0.0411322246734813
bryophyte,bryophyte,north,,,Ceratodon.purpureus,HardLin,100,0.103304888737869,0.0785164286281741,0.125267800257876,0.113196196589015,0.104029885056066,0.0184678270623457
bryophyte,bryophyte,north,,,Ceratodon.purpureus,UrbInd,100,0.114956522020907,0.0922954940364546,0.150029660568624,0.129273397383927,0.11875395830153,0.02535416927892
bryophyte,bryophyte,north,,,Ceratodon.purpureus,Wellsites,100,0.121474811328068,0.101281784979821,0.157914609282095,0.135555384778656,0.126014514581836,0.0230680233541066
bryophyte,bryophyte,north,,,Ceratodon.purpureus,Crop,100,0.0737908355008305,0.0584649754084205,0.0895126240155313,0.080469463459423,0.0741255038154045,0.0124772267177793
bryophyte,bryophyte,north,,,Ceratodon.purpureus,TameP,100,0.133421828571221,0.108351381678939,0.166819933476938,0.148781802724197,0.136183617289012,0.0220364733902662
bryophyte,bryophyte,north,,,Ceratodon.purpureus,RoughP,100,0.140355942773337,0.10414373013482,0.173787330755864,0.153373422859104,0.139859378682531,0.0269619211475122
bryophyte,bryophyte,south,,,Bryum.All,Loamy,100,0.137179992349134,0.0793419624933468,0.188027589410644,0.156609764097912,0.134694410102242,0.041253164627961
bryophyte,bryophyte,south,,,Bryum.All,SandyLoam,100,0.194953879720173,0.104827190924314,0.25080374707394,0.209805018041589,0.181826254857698,0.0544962966460969
bryophyte,bryophyte,south,,,Bryum.All,ClaySub,100,0.144702665244906,0.0799493962078595,0.199444263342656,0.163480694825708,0.141658689404213,0.0415116195869275
bryophyte,bryophyte,south,,,Bryum.All,RapidDrain,100,0.156152654344576,0.0792635917631987,0.214475129418634,0.179839142499951,0.152421242722151,0.0500785737702547
bryophyte,bryophyte,south,,,Bryum.All,Blowout,100,0.161001901703095,0.0852945424711149,0.226844756459417,0.18962303788414,0.158975501752427,0.0520618486472068
bryophyte,bryophyte,south,,,Bryum.All,ThinBreak,100,0.117206500645836,0.0549168820269533,0.164065039217691,0.13142432263142,0.112033858300183,0.0372942022650665
bryophyte,bryophyte,south,,,Bryum.All,Other,100,0.168419583113504,0.0822891630796571,0.267690205095818,0.192944265564736,0.175903710690002,0.0732996173307429
bryophyte,bryophyte,south,,,Bryum.All,EnSeismic,100,0.285706828173089,0.131788075956036,0.475643293905932,0.334606425412252,0.301029077438524,0.136714788754343
bryophyte,bryophyte,south,,,Bryum.All,EnSoftLin,100,0.295070145451912,0.128681836177832,0.470512478965884,0.329548544110659,0.301385057431252,0.139010399212797
bryophyte,bryophyte,south,,,Bryum.All,TrSoftLin,100,0.332623290739286,0.161315385932921,0.514045175894535,0.383815980210159,0.340431234774784,0.143962534773796
bryophyte,bryophyte,south,,,Bryum.All,HardLin,100,0.126951180038369,0.0665898325258077,0.192318873233161,0.1468328366873,0.127875436460889,0.0488916670891841
bryophyte,bryophyte,south,,,Bryum.All,UrbInd,100,0.137138331130774,0.0783599882694526,0.20437591815214,0.15376441179003,0.14023936922447,0.0500491541506755
bryophyte,bryophyte,south,,,Bryum.All,Wellsites,100,0.127110331449835,0.0621526964335989,0.176671006820092,0.140420183947776,0.12484641130979,0.0446353088320709
bryophyte,bryophyte,south,,,Bryum.All,Crop,100,0.0880377684674123,0.0484990657151459,0.118132559523748,0.100381454106891,0.0859214348623467,0.0262193920264312
bryophyte,bryophyte,south,,,Bryum.All,TameP,100,0.145659245315642,0.0828266159758801,0.193424837315819,0.164423435504234,0.140306445103777,0.043158660208166
bryophyte,bryophyte,south,,,Bryum.All,RoughP,100,0.117156179814225,0.0649364387082694,0.157765036978439,0.13419258459678,0.113835466088647,0.0364671040315308
bryophyte,bryophyte,south,,,Ceratodon.purpureus,Loamy,100,0.0665731461792143,0.0540496317550608,0.0830043023894639,0.0641849871927666,0.0675293443188264,0.010637438581989
bryophyte,bryophyte,south,,,Ceratodon.purpureus,SandyLoam,100,0.0784164244889771,0.0636932989496036,0.095901336217106,0.0742797240604397,0.0788210651112012,0.0123855618080076
bryophyte,bryophyte,south,,,Ceratodon.purpureus,ClaySub,100,0.0631006397418991,0.0509667176693332,0.0777159093182754,0.0592505109132571,0.0633911293804634,0.0102004252638268
bryophyte,bryophyte,south,,,Ceratodon.purpureus,RapidDrain,100,0.108925194046848,0.091142468530964,0.129622059810718,0.102551453445416,0.110783199088154,0.0164313920268292
bryophyte,bryophyte,south,,,Ceratodon.purpureus,Blowout,100,0.115243289302347,0.0959428121490522,0.137580224447741,0.108577749315386,0.116029396856131,0.016605060303582
bryophyte,bryophyte,south,,,Ceratodon.purpureus,ThinBreak,100,0.0947103558371446,0.0794738011574603,0.110040000382044,0.0863196169586629,0.0950425625636708,0.0139990586258325
bryophyte,bryophyte,south,,,Ceratodon.purpureus,Other,100,0.035389294721327,0.0157459332461416,0.0596745181248091,0.0345770287640794,0.0369871209429951,0.017357652208455
bryophyte,bryophyte,south,,,Ceratodon.purpureus,EnSeismic,100,0.170746095200816,0.0901386428845377,0.284853366883734,0.16811461642476,0.183652635876616,0.0826587237918166
bryophyte,bryophyte,south,,,Ceratodon.purpureus,EnSoftLin,100,0.16825790409875,0.085026895970976,0.287071792770146,0.169876045775971,0.182255228111873,0.0820683845857985
bryophyte,bryophyte,south,,,Ceratodon.purpureus,TrSoftLin,100,0.168790029868954,0.0763118995887514,0.275942013821538,0.160797502761418,0.176779705761704,0.0841158946231169
bryophyte,bryophyte,south,,,Ceratodon.purpureus,HardLin,100,0.0342998488787013,0.0255919496980683,0.0452510275990674,0.0318703430228878,0.0348351075159276,0.00759011247359115
bryophyte,bryophyte,south,,,Ceratodon.purpureus,UrbInd,100,0.0380279612309679,0.0260064250879738,0.0515041762519442,0.0356740467063795,0.0385865938791403,0.00997539830163396
bryophyte,bryophyte,south,,,Ceratodon.purpureus,Wellsites,100,0.0429581991171401,0.0290665033937687,0.0612161134838477,0.0401699600814057,0.0439050478383005,0.012025268565163
bryophyte,bryophyte,south,,,Ceratodon.purpureus,Crop,100,0.0259665936283444,0.0218879107113288,0.0308115194799179,0.0251044943216744,0.0262684288549131,0.00348408693150796
bryophyte,bryophyte,south,,,Ceratodon.purpureus,TameP,100,0.0578789523678902,0.0474051617941161,0.069435057999444,0.054988635814872,0.0580510288024451,0.00922258154449689
bryophyte,bryophyte,south,,,Ceratodon.purpureus,RoughP,100,0.056911309726954,0.0457601560670081,0.0710076627081057,0.0547537316462016,0.0576402504045931,0.00946121555271987
lichen,lichen,north,,,Cladonia.chlorophaea,WhiteSpruce,100,0.297223194075414,0.256799019765351,0.333985831921151,0.299712823406177,0.296680657690402,0.0304659963952774
lichen,lichen,north,,,Cladonia.chlorophaea,Pine,100,0.209099803645892,0.178646559987328,0.244808782504172,0.213983673760142,0.21093387162517,0.025044950449522
lichen,lichen,north,,,Cladonia.chlorophaea,Deciduous,100,0.239574582741566,0.205682953284015,0.27225517502622,0.242873835985486,0.239965164134079,0.0263968954390752
lichen,lichen,north,,,Cladonia.chlorophaea,Mixedwood,100,0.233270857716445,0.20045186961754,0.263999515975152,0.236140666947542,0.232493450350555,0.0257934907402311
lichen,lichen,north,,,Cladonia.chlorophaea,BlackSpruce,100,0.219899421748204,0.184087003897275,0.257969283574183,0.227843083435444,0.222407625903415,0.0267699166652746
lichen,lichen,north,,,Cladonia.chlorophaea,TreedFen,100,0.21851884685476,0.187713596248604,0.256985861852616,0.224783844707001,0.218925375916559,0.0260797270664674
lichen,lichen,north,,,Cladonia.chlorophaea,TreedSwamp,100,0.246438034605367,0.20894302869697,0.288316823062349,0.252640022245541,0.247902541757749,0.0320024551771764
lichen,lichen,north,,,Cladonia.chlorophaea,GraminoidFen,100,0.195908927938869,0.166869630574438,0.229947695630369,0.202508662292495,0.198080721138375,0.0240126056188502
lichen,lichen,north,,,Cladonia.chlorophaea,ShrubbyFen,100,0.193252251018955,0.16436044232473,0.224084256465606,0.199216086052812,0.19476073516052,0.0235810980948602
lichen,lichen,north,,,Cladonia.chlorophaea,ShrubbyBog,100,0.214846617996105,0.179407535286755,0.252018100216687,0.22188456568578,0.217067837644732,0.025945381662917
lichen,lichen,north,,,Cladonia.chlorophaea,ShrubbySwamp,100,0.211748544309402,0.174690844395726,0.245521084713665,0.214356168657179,0.211522250991211,0.0296302671207598
lichen,lichen,north,,,Cladonia.chlorophaea,Marsh,100,0.172044093475013,0.142677323209338,0.201980822113392,0.175479744974187,0.172782680084728,0.0224964355834992
lichen,lichen,north,,,Cladonia.chlorophaea,Shrub,100,0.120746681044114,0.0890563436971334,0.154935466539356,0.12074279741616,0.120470882415479,0.024105738621553
lichen,lichen,north,,,Cladonia.chlorophaea,Grass,100,0.119166092751691,0.0909437132857532,0.149237752639642,0.119014260443607,0.118792610177536,0.0228060970550471
lichen,lichen,north,,,Cladonia.chlorophaea,CCWhiteSpruceR,100,0.176896582895857,0.150144887277901,0.216116994300915,0.18615405031743,0.179031593525308,0.024849011385922
lichen,lichen,north,,,Cladonia.chlorophaea,CCWhiteSpruce1,100,0.191491540722816,0.162413374262626,0.236307611310575,0.20367100535893,0.195303202933605,0.0272956734723648
lichen,lichen,north,,,Cladonia.chlorophaea,CCWhiteSpruce2,100,0.214909618698884,0.181038798653452,0.261651627939158,0.225668903881609,0.216797761235087,0.0286833134420421
lichen,lichen,north,,,Cladonia.chlorophaea,CCWhiteSpruce3,100,0.214909618698884,0.181038798653452,0.261651627939158,0.225668903881609,0.216797761235087,0.0286833134420421
lichen,lichen,north,,,Cladonia.chlorophaea,CCWhiteSpruce4,100,0.214909618698884,0.181038798653452,0.261651627939158,0.225668903881609,0.216797761235087,0.0286833134420421
lichen,lichen,north,,,Cladonia.chlorophaea,CCPineR,100,0.169330739417427,0.142142297878859,0.204667600890611,0.177981748325327,0.171597036691093,0.0232642802999795
lichen,lichen,north,,,Cladonia.chlorophaea,CCPine1,100,0.204757931326164,0.171713328837569,0.246593379796201,0.215966217533035,0.206253525808234,0.0284789245212213
lichen,lichen,north,,,Cladonia.chlorophaea,CCPine2,100,0.209095190334374,0.175878718156813,0.249631823499092,0.219134448870029,0.209525444675339,0.028436033159926
lichen,lichen,north,,,Cladonia.chlorophaea,CCPine3,100,0.209095190334374,0.175878718156813,0.249631823499092,0.219134448870029,0.209525444675339,0.028436033159926
lichen,lichen,north,,,Cladonia.chlorophaea,CCPine4,100,0.209095190334374,0.175878718156813,0.249631823499092,0.219134448870029,0.209525444675339,0.028436033159926
lichen,lichen,north,,,Cladonia.chlorophaea,CCDeciduousR,100,0.177045051372606,0.151731937358952,0.213800872370871,0.185594844139235,0.179253982612955,0.0238607383251756
lichen,lichen,north,,,Cladonia.chlorophaea,CCDeciduous1,100,0.177096799646804,0.152703319121462,0.211315539675614,0.18593824743331,0.179775887046069,0.0229479553231891
lichen,lichen,north,,,Cladonia.chlorophaea,CCDeciduous2,100,0.201011051232229,0.170843222545165,0.236124374907298,0.20739871277065,0.201909109837473,0.0248389346141229
lichen,lichen,north,,,Cladonia.chlorophaea,CCDeciduous3,100,0.201011051232229,0.170843222545165,0.236124374907298,0.20739871277065,0.201909109837473,0.0248389346141229
lichen,lichen,north,,,Cladonia.chlorophaea,CCDeciduous4,100,0.201011051232229,0.170843222545165,0.236124374907298,0.20739871277065,0.201909109837473,0.0248389346141229
lichen,lichen,north,,,Cladonia.chlorophaea,CCMixedwoodR,100,0.177045051372606,0.151731937358952,0.213800872370871,0.185594844139235,0.179253982612955,0.0238607383251756
lichen,lichen,north,,,Cladonia.chlorophaea,CCMixedwood1,100,0.177096799646804,0.152703319121462,0.211315539675614,0.18593824743331,0.179775887046069,0.0229479553231891
lichen,lichen,north,,,Cladonia.chlorophaea,CCMixedwood2,100,0.201011051232229,0.170843222545165,0.236124374907298,0.20739871277065,0.201909109837473,0.0248389346141229
lichen,lichen,north,,,Cladonia.chlorophaea,CCMixedwood3,100,0.201011051232229,0.170843222545165,0.236124374907298,0.20739871277065,0.201909109837473,0.0248389346141229
lichen,lichen,north,,,Cladonia.chlorophaea,CCMixedwood4,100,0.201011051232229,0.170843222545165,0.236124374907298,0.20739871277065,0.201909109837473,0.0248389346141229
lichen,lichen,north,,,Cladonia.chlorophaea,EnSeismic,100,0.068260721918929,0.0490037338913578,0.0909130791030983,0.0738978700051816,0.069053363513603,0.016951922830778
lichen,lichen,north,,,Cladonia.chlorophaea,EnSoftLin,100,0.0592794323223757,0.0392063913449349,0.0775542535187628,0.0624980816232269,0.0597711844720497,0.0148954442726016
lichen,lichen,north,,,Cladonia.chlorophaea,TrSoftLin,100,0.0653248489646429,0.0441720333943167,0.0831126316707758,0.0691216097124846,0.0653570229144214,0.0168272334077135
lichen,lichen,north,,,Cladonia.chlorophaea,HardLin,100,0.0173071734937919,0.0138492426907642,0.0210785049461038,0.0172490121407761,0.0174049748048669,0.00273995558590796
lichen,lichen,north,,,Cladonia.chlorophaea,UrbInd,100,0.0284490781398626,0.0218313353528594,0.0363863039333593,0.0293523293874362,0.0290658143760222,0.00657579033786307
lichen,lichen,north,,,Cladonia.chlorophaea,Wellsites,100,0.0302516683739081,0.0218389472226189,0.038856569554282,0.0309948356921504,0.0308154005938539,0.00723476047784646
lichen,lichen,north,,,Cladonia.chlorophaea,Crop,100,0.00999213609887376,0.0083504775690238,0.0123772842620464,0.00981647353265912,0.010154425809091,0.00144023169358702
lichen,lichen,north,,,Cladonia.chlorophaea,TameP,100,0.0278584556848323,0.0207831983458442,0.0345026335875475,0.0276152084684389,0.0277340378465063,0.00538783724915475
lichen,lichen,north,,,Cladonia.chlorophaea,RoughP,100,0.0246305116762622,0.0192907977697339,0.03280985786204,0.0254030986816399,0.0254455990819837,0.00561922974250667
lichen,lichen,north,,,Physcia.adscendens,WhiteSpruce,100,0.0638648018855021,0.0557662973771377,0.0731302056205809,0.0640273150290537,0.0641993238865815,0.00750355188036341
lichen,lichen,north,,,Physcia.adscendens,Pine,100,0.0463063731269453,0.0396656528435884,0.0523367231301627,0.0463066694973039,0.0464199487641803,0.00517469500366006
lichen,lichen,north,,,Physcia.adscendens,Deciduous,100,0.172061724376017,0.144380294593452,0.194818566750278,0.171848485649294,0.171422639883003,0.0174219914541755
lichen,lichen,north,,,Physcia.adscendens,Mixedwood,100,0.102895225770967,0.0868395089168292,0.121803229889261,0.103902979074589,0.104085468522643,0.0121305774399095
lichen,lichen,north,,,Physcia.adscendens,BlackSpruce,100,0.0113179447295968,0.00887542315166759,0.0135342994207693,0.0111517688016057,0.0113641754114679,0.00180298378661495
lichen,lichen,north,,,Physcia.adscendens,TreedFen,100,0.0130942905725219,0.0105073411552257,0.015165314412009,0.0127565152125194,0.0130870265791789,0.00198766483082882
lichen,lichen,north,,,Physcia.adscendens,TreedSwamp,100,0.0681224897526755,0.0565002896746561,0.0809606866797563,0.0684768936890089,0.0682366202471938,0.0101577073545409
lichen,lichen,north,,,Physcia.adscendens,GraminoidFen,100,0.0145648442821959,0.0116871133896595,0.0173492020463288,0.0143523346004894,0.0148241174665008,0.00234633354336228
lichen,lichen,north,,,Physcia.adscendens,ShrubbyFen,100,0.0135936678742502,0.0110237121589747,0.0160146008108157,0.0134564657796432,0.013822035389038,0.00215034399574656
lichen,lichen,north,,,Physcia.adscendens,ShrubbyBog,100,0.0121525787659654,0.00950795094011518,0.0143653222164254,0.0119692218653384,0.012219667563311,0.00188798726228172
lichen,lichen,north,,,Physcia.adscendens,ShrubbySwamp,100,0.0640375247280888,0.0529787356365547,0.0784486940661993,0.0642372109431116,0.0642788941048957,0.00945325245141641
lichen,lichen,north,,,Physcia.adscendens,Marsh,100,0.0410537792121147,0.0333487235262469,0.0526618078538927,0.0421183317862372,0.0418606467267573,0.0067914174385349
lichen,lichen,north,,,Physcia.adscendens,Shrub,100,0.159007169056808,0.122733676662571,0.194380807854871,0.159263060245612,0.158403526180099,0.0279534060204698
lichen,lichen,north,,,Physcia.adscendens,Grass,100,0.165458656798136,0.131168861671294,0.208003398682123,0.165761675145329,0.167185593752982,0.0312833980800269
lichen,lichen,north,,,Physcia.adscendens,CCWhiteSpruceR,100,0.0519818167862785,0.0420542694653396,0.0633266367620693,0.0524933497432348,0.0526924322884459,0.00819582298499806
lichen,lichen,north,,,Physcia.adscendens,CCWhiteSpruce1,100,0.0666023095164884,0.0538352682667769,0.0801819701985156,0.0676142549226719,0.0671498361875249,0.0101083376605855
lichen,lichen,north,,,Physcia.adscendens,CCWhiteSpruce2,100,0.0746147680326323,0.0608923754250968,0.0891598692529928,0.075962081883682,0.0750067114704268,0.0111450676286065
lichen,lichen,north,,,Physcia.adscendens,CCWhiteSpruce3,100,0.0746147680326323,0.0608923754250968,0.0891598692529928,0.075962081883682,0.0750067114704268,0.0111450676286065
lichen,lichen,north,,,Physcia.adscendens,CCWhiteSpruce4,100,0.0746147680326323,0.0608923754250968,0.0891598692529928,0.075962081883682,0.0750067114704268,0.0111450676286065
lichen,lichen,north,,,Physcia.adscendens,CCPineR,100,0.0528778183465056,0.0428634556232134,0.0643584239867792,0.0530687182992354,0.0533543662412555,0.00821837965410161
lichen,lichen,north,,,Physcia.adscendens,CCPine1,100,0.0538062071702612,0.0438472081361071,0.0666587780453015,0.054822170261719,0.0547148423093629,0.00845254387305861
lichen,lichen,north,,,Physcia.adscendens,CCPine2,100,0.0563915835738143,0.0463244522236611,0.0699491682718799,0.0575642554040823,0.0572993937130915,0.00883482932134271
lichen,lichen,north,,,Physcia.adscendens,CCPine3,100,0.0563915835738143,0.0463244522236611,0.0699491682718799,0.0575642554040823,0.0572993937130915,0.00883482932134271
lichen,lichen,north,,,Physcia.adscendens,CCPine4,100,0.0563915835738143,0.0463244522236611,0.0699491682718799,0.0575642554040823,0.0572993937130915,0.00883482932134271
lichen,lichen,north,,,Physcia.adscendens,CCDeciduousR,100,0.0811263137382466,0.0673395384989791,0.0996432169905119,0.0827606661851487,0.081915871035783,0.0124557092612052
lichen,lichen,north,,,Physcia.adscendens,CCDeciduous1,100,0.0992246229409317,0.0813425488180816,0.117944989857838,0.100618826509217,0.0997281808775687,0.01439584209104
lichen,lichen,north,,,Physcia.adscendens,CCDeciduous2,100,0.0825783410079587,0.0683639396203367,0.100014018646427,0.084212382915902,0.0834153613353392,0.0127727265941385
lichen,lichen,north,,,Physcia.adscendens,CCDeciduous3,100,0.0825783410079587,0.0683639396203367,0.100014018646427,0.084212382915902,0.0834153613353392,0.0127727265941385
lichen,lichen,north,,,Physcia.adscendens,CCDeciduous4,100,0.0825783410079587,0.0683639396203367,0.100014018646427,0.084212382915902,0.0834153613353392,0.0127727265941385
lichen,lichen,north,,,Physcia.adscendens,CCMixedwoodR,100,0.0811263137382466,0.0673395384989791,0.0996432169905119,0.0827606661851487,0.081915871035783,0.0124557092612052
lichen,lichen,north,,,Physcia.adscendens,CCMixedwood1,100,0.0992246229409317,0.0813425488180816,0.117944989857838,0.100618826509217,0.0997281808775687,0.01439584209104
lichen,lichen,north,,,Physcia.adscendens,CCMixedwood2,100,0.0825783410079587,0.0683639396203367,0.100014018646427,0.084212382915902,0.0834153613353392,0.0127727265941385
lichen,lichen,north,,,Physcia.adscendens,CCMixedwood3,100,0.0825783410079587,0.0683639396203367,0.100014018646427,0.084212382915902,0.0834153613353392,0.0127727265941385
lichen,lichen,north,,,Physcia.adscendens,CCMixedwood4,100,0.0825783410079587,0.0683639396203367,0.100014018646427,0.084212382915902,0.0834153613353392,0.0127727265941385
lichen,lichen,north,,,Physcia.adscendens,EnSeismic,100,0.0247720933511402,0.0180696535269707,0.0350426358415283,0.0258176949589414,0.0261663356183436,0.0069769542488649
lichen,lichen,north,,,Physcia.adscendens,EnSoftLin,100,0.0269990587453396,0.0192422041611614,0.0373054604227825,0.0273345543422601,0.0274710137863163,0.00706602329574508
lichen,lichen,north,,,Physcia.adscendens,TrSoftLin,100,0.0240629040821202,0.0179500162051208,0.0338850103025409,0.0242538337610053,0.0248676611153736,0.00625983853995381
lichen,lichen,north,,,Physcia.adscendens,HardLin,100,0.0160823700032184,0.0125841775306315,0.0216364780302574,0.0164220788059039,0.0165089069990094,0.0033267193192414
lichen,lichen,north,,,Physcia.adscendens,UrbInd,100,0.02669880615078,0.0205294994754198,0.0341376127616443,0.0269462495385606,0.0270719792801592,0.00581497652552271
lichen,lichen,north,,,Physcia.adscendens,Wellsites,100,0.0187224253025368,0.0147594176213366,0.0238495035687749,0.0189042713169681,0.0191526814173151,0.00401531487513757
lichen,lichen,north,,,Physcia.adscendens,Crop,100,0.00621167817092048,0.00477222599649511,0.0080602084458,0.0061978772206181,0.00629736067698438,0.00128079920711455
lichen,lichen,north,,,Physcia.adscendens,TameP,100,0.0210873687713408,0.0163962886653569,0.0270516862660557,0.0217469866099191,0.0216495368601797,0.00384240281569846
lichen,lichen,north,,,Physcia.adscendens,RoughP,100,0.0384802172001532,0.0302574959935426,0.048105189361862,0.039996203554655,0.03931301117701,0.007735086862159
lichen,lichen,south,,,Cladonia.chlorophaea,Loamy,100,0.118760424872616,0.101405575596529,0.143355777615454,0.118687300046851,0.121276425017576,0.0164657398985272
lichen,lichen,south,,,Cladonia.chlorophaea,SandyLoam,100,0.122595772153947,0.10532585234502,0.149322404662719,0.122725360583689,0.125310551292029,0.0173692338970676
lichen,lichen,south,,,Cladonia.chlorophaea,ClaySub,100,0.116805387552155,0.1025085380683,0.138887194628692,0.11648008810727,0.119720120311801,0.015302603582975
lichen,lichen,south,,,Cladonia.chlorophaea,RapidDrain,100,0.133311226322324,0.115932030078736,0.158542557565749,0.134401942825707,0.136619372956896,0.0197438882102956
lichen,lichen,south,,,Cladonia.chlorophaea,Blowout,100,0.142042876516344,0.119507127722255,0.172932947472501,0.143701037126792,0.145738616502655,0.0225166395587508
lichen,lichen,south,,,Cladonia.chlorophaea,ThinBreak,100,0.13766270972952,0.114350969621918,0.167516655522634,0.137503969297793,0.140677239225245,0.0212352794418216
lichen,lichen,south,,,Cladonia.chlorophaea,Other,100,0.0108562521904177,1.00062948752762e-05,0.0351844002426785,0.011592343091593,0.013043222061931,0.0139961047507516
lichen,lichen,south,,,Cladonia.chlorophaea,EnSeismic,100,0.0741169302991828,0.0120359382144399,0.210660471709653,0.0746380066039094,0.100204527490337,0.098072645783947
lichen,lichen,south,,,Cladonia.chlorophaea,EnSoftLin,100,0.0589905313374112,0.00738731888221285,0.201796902788628,0.0593528864488744,0.0846947036551702,0.0827099377051934
lichen,lichen,south,,,Cladonia.chlorophaea,TrSoftLin,100,0.093067131264668,0.0204224388858975,0.272212476112873,0.104765725082673,0.129486635879564,0.117087006185138
lichen,lichen,south,,,Cladonia.chlorophaea,HardLin,100,0.0227860028946222,0.018496977422916,0.0282007127258966,0.0224141883326856,0.0228902186665491,0.00394290011708561
lichen,lichen,south,,,Cladonia.chlorophaea,UrbInd,100,0.0289753908974748,0.0203419760515701,0.0416360285523085,0.0287494220624193,0.0305195214283762,0.00867087363774642
lichen,lichen,south,,,Cladonia.chlorophaea,Wellsites,100,0.0370128753703369,0.0228876363353741,0.0582870656555651,0.0355928387293783,0.0386011160630103,0.0144565424483663
lichen,lichen,south,,,Cladonia.chlorophaea,Crop,100,0.0112677524812685,0.00895653905697318,0.014175551514401,0.0108908943675099,0.0113577222639511,0.00190227925792113
lichen,lichen,south,,,Cladonia.chlorophaea,TameP,100,0.0528386134673725,0.0424235843313021,0.0656671254655528,0.0527988783208814,0.0539750158803284,0.00961979420469923
lichen,lichen,south,,,Cladonia.chlorophaea,RoughP,100,0.0704478466501114,0.0534068603371204,0.087053206773969,0.0704617752927988,0.0709294237198196,0.0127411030090668
lichen,lichen,south,,,Physcia.adscendens,Loamy,100,0.168042322563382,0.149972403854276,0.187621968417659,0.169700398944145,0.169083684058597,0.0159711291722936
lichen,lichen,south,,,Physcia.adscendens,SandyLoam,100,0.178816490486835,0.157664867438578,0.206754009943739,0.181481384725004,0.180964310588072,0.0196325051043924
lichen,lichen,south,,,Physcia.adscendens,ClaySub,100,0.15948040615619,0.144412217626566,0.183514467512427,0.162178734164762,0.162369771056228,0.0152478550128557
lichen,lichen,south,,,Physcia.adscendens,RapidDrain,100,0.133174082005861,0.108147725791054,0.158683005362416,0.138113163461797,0.135537794747991,0.0221824133534269
lichen,lichen,south,,,Physcia.adscendens,Blowout,100,0.0783399666989877,0.0621073160124499,0.0932973691388306,0.0791009289771177,0.0787039239133848,0.0143735448792592
lichen,lichen,south,,,Physcia.adscendens,ThinBreak,100,0.101634174074704,0.0797195107494127,0.122703725811209,0.103023942244417,0.101045794551797,0.0176433076368201
lichen,lichen,south,,,Physcia.adscendens,Other,100,0.135603856999727,0.0759242964501409,0.194916661531425,0.127814796703126,0.134073537750041,0.0508981883415281
lichen,lichen,south,,,Physcia.adscendens,EnSeismic,100,0.126628050717089,0.055339073427792,0.267309238011425,0.134144710345317,0.150880268845584,0.101588741313365
lichen,lichen,south,,,Physcia.adscendens,EnSoftLin,100,0.0829497370853008,0.0330772808709875,0.203327069279373,0.0868856909303751,0.104049206597755,0.0768145833395121
lichen,lichen,south,,,Physcia.adscendens,TrSoftLin,100,0.140849571647582,0.0632571902916997,0.358152172382641,0.157835534383738,0.181999299103165,0.123713892014494
lichen,lichen,south,,,Physcia.adscendens,HardLin,100,0.0164080297586382,0.0126435739299206,0.0202810316636234,0.0165350535429243,0.0166072076573647,0.00326781660771976
lichen,lichen,south,,,Physcia.adscendens,UrbInd,100,0.0426026758322404,0.0309643895865579,0.0596345414259548,0.0431506202004028,0.0440602018498762,0.0115144047213078
lichen,lichen,south,,,Physcia.adscendens,Wellsites,100,0.041450461300727,0.0289326237699527,0.0575446718895364,0.0413073764753538,0.0418261511462819,0.0110571328037954
lichen,lichen,south,,,Physcia.adscendens,Crop,100,0.00916378733877362,0.00751086734379391,0.0107940857677616,0.00923975055880215,0.0091924707651885,0.00153574702124211
lichen,lichen,south,,,Physcia.adscendens,TameP,100,0.0265119152472038,0.0202324904660954,0.0303829572907274,0.026713869603247,0.0260971202538315,0.00452685074013171
lichen,lichen,south,,,Physcia.adscendens,RoughP,100,0.0384136847737998,0.0304612756475431,0.0449729740444777,0.039320400519205,0.0381938851106205,0.00624657883043015
mammal,mammal_summer,north,summer,hurdle,Coyote_Summer,Decid,100,0.0483594827063645,0.0414118481331626,0.0563982542519368,0.0487558878166635,0.0485336895616105,0.0068092864354131
mammal,mammal_summer,north,summer,hurdle,Coyote_Summer,Mixedwood,100,0.0351561471368664,0.0242025397384364,0.0463572816733345,0.0339606541972421,0.0355995378172595,0.00894981356273383
mammal,mammal_summer,north,summer,hurdle,Coyote_Summer,Pine,100,0.0256013795193124,0.01824239977447,0.0313975443070661,0.0258942184497686,0.0253239847649179,0.00500141300051215
mammal,mammal_summer,north,summer,hurdle,Coyote_Summer,Spruce,100,0.0158309723048582,0.0102588646061362,0.0218278913443854,0.0155269078679997,0.0161450148400433,0.00428664625822814
mammal,mammal_summer,north,summer,hurdle,Coyote_Summer,TreedBog,100,0.029434754078122,0.0249943179821213,0.0359303843195688,0.0299192022319042,0.0300046246220914,0.00447375399845672
mammal,mammal_summer,north,summer,hurdle,Coyote_Summer,TreedFen,100,0.0291157898857012,0.023775298386277,0.0353418695585902,0.0299192022319042,0.0295256783465423,0.00461968212252635
mammal,mammal_summer,north,summer,hurdle,Coyote_Summer,TreedSwamp,100,0.0312737750968453,0.0185619561651247,0.0439052060299924,0.0299192022319042,0.0308756010457884,0.0095324449415456
mammal,mammal_summer,north,summer,hurdle,Coyote_Summer,GrassHerb,100,0.0785972684793487,0.0587194800671309,0.108200584386506,0.0701423452426464,0.0800041123333062,0.0207203837913138
mammal,mammal_summer,north,summer,hurdle,Coyote_Summer,Shrub,100,0.0638763830262266,0.0432418463524077,0.0810865803379858,0.0701423452426464,0.063477882385419,0.0148042032995085
mammal,mammal_summer,north,summer,hurdle,Coyote_Summer,GraminoidFen,100,0.0601441339822926,0.0304644977939886,0.0812721117490118,0.0320501190239091,0.0560416896335662,0.0208268772049053
mammal,mammal_summer,north,summer,hurdle,Coyote_Summer,Marsh,100,0.0601441339822926,0.0304644977939886,0.0812721117490118,0.0320501190239091,0.0560416896335662,0.0208268772049053
mammal,mammal_summer,north,summer,hurdle,Coyote_Summer,ShrubbyBog,100,0.0189501510379441,0.00806039782961353,0.0341486287892669,0.0320501190239091,0.0206606382909829,0.0098600640304262
mammal,mammal_summer,north,summer,hurdle,Coyote_Summer,ShrubbyFen,100,0.0189501510379441,0.00806039782961353,0.0341486287892669,0.0320501190239091,0.0206606382909829,0.0098600640304262
mammal,mammal_summer,north,summer,hurdle,Coyote_Summer,ShrubbySwamp,100,0.0259568256179573,0.0156535396414799,0.0346912354382728,0.0320501190239091,0.0257712580266269,0.00788133710983602
mammal,mammal_summer,north,summer,hurdle,Coyote_Summer,CCDecidR,100,0.0589128268649123,0.0328811565492362,0.0937139933204344,0.0664247062431653,0.0613991568761192,0.0266909524675824
mammal,mammal_summer,north,summer,hurdle,Coyote_Summer,CCDecid1,100,0.101547292339766,0.0530167833013339,0.217810899949766,0.0664247062431653,0.124360210593978,0.0671243003813008
mammal,mammal_summer,north,summer,hurdle,Coyote_Summer,CCDecid2,100,0.0516020670687248,0.0151952152365976,0.0833007528895771,0.0664247062431653,0.0483529287950538,0.0254242491196635
mammal,mammal_summer,north,summer,hurdle,Coyote_Summer,CCDecid3,100,0.124673154645494,0.0530167833013339,0.163457117688787,0.0664247062431653,0.1108234847745,0.0450815627910776
mammal,mammal_summer,north,summer,hurdle,Coyote_Summer,CCDecid4,100,0.124673154645494,0.0530167833013339,0.163457117688787,0.0664247062431653,0.1108234847745,0.0450815627910776
mammal,mammal_summer,north,summer,hurdle,Coyote_Summer,CCMixedwoodR,100,3.72855409894537e-07,5.47842003511913e-08,0.0833007528895771,0.0664247062431653,0.0316713892885261,0.0359620322643694
mammal,mammal_summer,north,summer,hurdle,Coyote_Summer,CCMixedwood1,100,0.0646375446939071,0.035385035599797,0.126200797875627,0.0664247062431653,0.0730497283726891,0.0427794927811525
mammal,mammal_summer,north,summer,hurdle,Coyote_Summer,CCMixedwood2,100,0.0697287476043638,0.0309758891666172,0.169160650963475,0.0664247062431653,0.0884099329763265,0.0629283756685299
mammal,mammal_summer,north,summer,hurdle,Coyote_Summer,CCMixedwood3,100,0.124673154645494,0.0530167833013339,0.163457117688787,0.0664247062431653,0.1108234847745,0.0450815627910776
mammal,mammal_summer,north,summer,hurdle,Coyote_Summer,CCMixedwood4,100,0.124673154645494,0.0530167833013339,0.163457117688787,0.0664247062431653,0.1108234847745,0.0450815627910776
mammal,mammal_summer,north,summer,hurdle,Coyote_Summer,CCPineR,100,0.0484442595993501,0.0268995847238305,0.126785183996014,0.0418434478038768,0.0699726382745438,0.0455943713218502
mammal,mammal_summer,north,summer,hurdle,Coyote_Summer,CCPine1,100,0.0311079332735461,0.0157825531999667,0.0484169484849554,0.0418434478038768,0.0321502261803672,0.0147557755697887
mammal,mammal_summer,north,summer,hurdle,Coyote_Summer,CCPine2,100,0.124673154645494,0.0290689292212467,0.163457117688787,0.0418434478038768,0.0986304776454289,0.0573377553796652
mammal,mammal_summer,north,summer,hurdle,Coyote_Summer,CCPine3,100,0.124673154645494,0.0290689292212467,0.163457117688787,0.0418434478038768,0.0986304776454289,0.0573377553796652
mammal,mammal_summer,north,summer,hurdle,Coyote_Summer,CCPine4,100,0.124673154645494,0.0290689292212467,0.163457117688787,0.0418434478038768,0.0986304776454289,0.0573377553796652
mammal,mammal_summer,north,summer,hurdle,Coyote_Summer,CCSpruceR,100,0.081353803296149,0.0286783678552215,0.251217184909871,0.0418434478038768,0.118495066582276,0.0999479881036481
mammal,mammal_summer,north,summer,hurdle,Coyote_Summer,CCSpruce1,100,0.0447267336414446,9.36619670623034e-08,0.11798015194896,0.0418434478038768,0.0600166873448887,0.0721591677501457
mammal,mammal_summer,north,summer,hurdle,Coyote_Summer,CCSpruce2,100,0.0341282849673548,0.0159969116763001,0.0684462472561841,0.0418434478038768,0.0388186316634564,0.0233437171584887
mammal,mammal_summer,north,summer,hurdle,Coyote_Summer,CCSpruce3,100,0.125435704711867,0.0290708823093577,0.163457117688787,0.0418434478038768,0.101910273358532,0.0552214662302606
mammal,mammal_summer,north,summer,hurdle,Coyote_Summer,CCSpruce4,100,0.125435704711867,0.0290708823093577,0.163457117688787,0.0418434478038768,0.101910273358532,0.0552214662302606
mammal,mammal_summer,north,summer,hurdle,Coyote_Summer,HardLin,100,0.134990802687838,0.0688384772973166,0.179271577228808,0.140140987080189,0.128733675612959,0.0416464065610382
mammal,mammal_summer,north,summer,hurdle,Coyote_Summer,EnSoftLin,100,0.118353918404146,0.0954236011149053,0.162724311460711,0.108633567141907,0.123770329636941,0.0290009369428649
mammal,mammal_summer,north,summer,hurdle,Coyote_Summer,EnSeismic,100,0.101524417191545,0.0557851312646505,0.128492659433118,0.108633567141907,0.0960208287352638,0.0276153535004726
mammal,mammal_summer,north,summer,hurdle,Coyote_Summer,TrSoftLin,100,0.109556511052275,0.074868503218827,0.138196677657058,0.108633567141907,0.108683190638727,0.0262063538664031
mammal,mammal_summer,north,summer,hurdle,Coyote_Summer,Urban,100,0.134990802687838,0.0688384772973166,0.179271577228808,0.140140987080189,0.128733675612959,0.0416464065610382
mammal,mammal_summer,north,summer,hurdle,Coyote_Summer,Rural,100,0.134990802687838,0.0688384772973166,0.179271577228808,0.140140987080189,0.128733675612959,0.0416464065610382
mammal,mammal_summer,north,summer,hurdle,Coyote_Summer,Industrial,100,0.134990802687838,0.0688384772973166,0.179271577228808,0.140140987080189,0.128733675612959,0.0416464065610382
mammal,mammal_summer,north,summer,hurdle,Coyote_Summer,Well,100,0.123932314686558,0.0272975036658561,0.157271661675091,0.140140987080189,0.101655069287838,0.0517767730968891
mammal,mammal_summer,north,summer,hurdle,Coyote_Summer,Crop,100,0.144356413835438,0.124028100048918,0.171958352945825,0.140140987080189,0.145015373881083,0.0203269226002348
mammal,mammal_summer,north,summer,hurdle,Coyote_Summer,TameP,100,0.150075585048021,0.123690046738055,0.186290627573863,0.140140987080189,0.153250281462701,0.0315293417132034
mammal,mammal_summer,north,summer,hurdle,Coyote_Summer,RoughP,100,0.154457694577525,0.123272295574508,0.241433921965233,0.140140987080189,0.169721367317023,0.0528643192921944
mammal,mammal_summer,north,summer,hurdle,Moose_Summer,Decid,100,0.259683336062034,0.20040089603673,0.308115883796319,0.250263196314734,0.25885090723883,0.0399240895557718
mammal,mammal_summer,north,summer,hurdle,Moose_Summer,Mixedwood,100,0.266815619343161,0.223268823520599,0.331002812217121,0.267778296796379,0.271295953435411,0.0448343257574875
mammal,mammal_summer,north,summer,hurdle,Moose_Summer,Pine,100,0.193275209507897,0.158156669442869,0.236297391459018,0.191627552662267,0.196778655118468,0.032077588564201
mammal,mammal_summer,north,summer,hurdle,Moose_Summer,Spruce,100,0.207185711469881,0.179589123539344,0.271159768784067,0.211937623492895,0.21784119003314,0.0388202562370106
mammal,mammal_summer,north,summer,hurdle,Moose_Summer,TreedBog,100,0.134081498222746,0.107266654105978,0.168729928250215,0.13349759896445,0.138026661208827,0.0251390931398608
mammal,mammal_summer,north,summer,hurdle,Moose_Summer,TreedFen,100,0.141137834842585,0.108255999395942,0.178998737834139,0.140460621172556,0.142474787516157,0.0266951374397913
mammal,mammal_summer,north,summer,hurdle,Moose_Summer,TreedSwamp,100,0.219247637103862,0.142913252569802,0.296984827983815,0.219333664647888,0.217029488517284,0.0572474110799337
mammal,mammal_summer,north,summer,hurdle,Moose_Summer,GrassHerb,100,0.233779407970901,0.179658973644467,0.290895834233095,0.243208536186666,0.236158263337651,0.0440926138807196
mammal,mammal_summer,north,summer,hurdle,Moose_Summer,Shrub,100,0.228800145651465,0.168046386406582,0.285014692915752,0.23362253489809,0.230550509439829,0.0484696728373614
mammal,mammal_summer,north,summer,hurdle,Moose_Summer,GraminoidFen,100,0.272357486633059,0.193854615700907,0.342585121230796,0.272335942420037,0.271568823896367,0.0616419937372103
mammal,mammal_summer,north,summer,hurdle,Moose_Summer,Marsh,100,0.272357486633059,0.193854615700907,0.342585121230796,0.272335942420037,0.271568823896367,0.0616419937372103
mammal,mammal_summer,north,summer,hurdle,Moose_Summer,ShrubbyBog,100,0.122420233859063,0.0968324948760909,0.167849994236879,0.123758665516073,0.130011225728449,0.0306549088294796
mammal,mammal_summer,north,summer,hurdle,Moose_Summer,ShrubbyFen,100,0.122420233859063,0.0968324948760909,0.167849994236879,0.123758665516073,0.130011225728449,0.0306549088294796
mammal,mammal_summer,north,summer,hurdle,Moose_Summer,ShrubbySwamp,100,0.188984303082597,0.147799307235341,0.231957691360083,0.188745324781336,0.189163454469278,0.0360756816949773
mammal,mammal_summer,north,summer,hurdle,Moose_Summer,CCDecidR,100,0.208148613906902,0.148920973268902,0.271209916525661,0.204735734181689,0.212888184869838,0.0557692461001884
mammal,mammal_summer,north,summer,hurdle,Moose_Summer,CCDecid1,100,0.216312801865899,0.151922543756141,0.283020771778373,0.204735734181689,0.219708287260622,0.0602045063836374
mammal,mammal_summer,north,summer,hurdle,Moose_Summer,CCDecid2,100,0.196838655533488,0.103824327627087,0.2670608013824,0.204735734181689,0.192340230430844,0.0648420072528742
mammal,mammal_summer,north,summer,hurdle,Moose_Summer,CCDecid3,100,0.200807768687866,0.155412851644233,0.2670608013824,0.204735734181689,0.207869309241703,0.0479696940544398
mammal,mammal_summer,north,summer,hurdle,Moose_Summer,CCDecid4,100,0.200807768687866,0.155412851644233,0.2670608013824,0.204735734181689,0.207869309241703,0.0479696940544398
mammal,mammal_summer,north,summer,hurdle,Moose_Summer,CCMixedwoodR,100,0.216312801865899,0.161387117679579,0.371359266565987,0.204735734181689,0.24607735043091,0.113690007470323
mammal,mammal_summer,north,summer,hurdle,Moose_Summer,CCMixedwood1,100,0.198119002508505,0.0859178071374664,0.271209916525661,0.204735734181689,0.193759391020952,0.0702532635271893
mammal,mammal_summer,north,summer,hurdle,Moose_Summer,CCMixedwood2,100,0.216312801865899,0.151922543756141,0.346809770627561,0.204735734181689,0.237419231826105,0.0857578713266533
mammal,mammal_summer,north,summer,hurdle,Moose_Summer,CCMixedwood3,100,0.200807768687866,0.155412851644233,0.2670608013824,0.204735734181689,0.207869309241703,0.0479696940544398
mammal,mammal_summer,north,summer,hurdle,Moose_Summer,CCMixedwood4,100,0.200807768687866,0.155412851644233,0.2670608013824,0.204735734181689,0.207869309241703,0.0479696940544398
mammal,mammal_summer,north,summer,hurdle,Moose_Summer,CCPineR,100,0.254152254742842,0.156060977727918,0.365873926915736,0.252728055432474,0.268708347177854,0.10627938175414
mammal,mammal_summer,north,summer,hurdle,Moose_Summer,CCPine1,100,0.252854977473957,0.177661862261277,0.344755518429091,0.252728055432474,0.25774051080654,0.0747419615882058
mammal,mammal_summer,north,summer,hurdle,Moose_Summer,CCPine2,100,0.228635901145074,0.16437932467335,0.334320875739281,0.252728055432474,0.239193469814565,0.0670494299755326
mammal,mammal_summer,north,summer,hurdle,Moose_Summer,CCPine3,100,0.228635901145074,0.16437932467335,0.334320875739281,0.252728055432474,0.239193469814565,0.0670494299755326
mammal,mammal_summer,north,summer,hurdle,Moose_Summer,CCPine4,100,0.228635901145074,0.16437932467335,0.334320875739281,0.252728055432474,0.239193469814565,0.0670494299755326
mammal,mammal_summer,north,summer,hurdle,Moose_Summer,CCSpruceR,100,0.203037467918197,0.0346185576882622,0.323878851998171,0.251426565070253,0.198222392835578,0.105391997266464
mammal,mammal_summer,north,summer,hurdle,Moose_Summer,CCSpruce1,100,0.25916697849522,0.16869487511716,0.578387793790354,0.251426565070253,0.310557928020038,0.175763151783799
mammal,mammal_summer,north,summer,hurdle,Moose_Summer,CCSpruce2,100,0.249428067418612,0.167313438388596,0.35114039405543,0.251426565070253,0.257706896350914,0.0860457984925452
mammal,mammal_summer,north,summer,hurdle,Moose_Summer,CCSpruce3,100,0.211915394741454,0.156952491802639,0.323878851998171,0.251426565070253,0.229843810637933,0.0662743610640749
mammal,mammal_summer,north,summer,hurdle,Moose_Summer,CCSpruce4,100,0.211915394741454,0.156952491802639,0.323878851998171,0.251426565070253,0.229843810637933,0.0662743610640749
mammal,mammal_summer,north,summer,hurdle,Moose_Summer,HardLin,100,0.118973489036885,0.0595749883009149,0.194302195597634,0.111539574120126,0.126165319844306,0.055822474852709
mammal,mammal_summer,north,summer,hurdle,Moose_Summer,EnSoftLin,100,0.252528455338498,0.183191640704092,0.322319883170126,0.245765939186683,0.252222858480715,0.0502239936189235
mammal,mammal_summer,north,summer,hurdle,Moose_Summer,EnSeismic,100,0.406111934925129,0.261849785971992,0.508770353912488,0.40014515763882,0.398820978452058,0.0946884676442976
mammal,mammal_summer,north,summer,hurdle,Moose_Summer,TrSoftLin,100,0.197381027195335,0.138492827864977,0.268193709302946,0.191095088735685,0.200661161915687,0.0536417738670849
mammal,mammal_summer,north,summer,hurdle,Moose_Summer,Urban,100,0.118973489036885,0.0595749883009149,0.194302195597634,0.111539574120126,0.126165319844306,0.055822474852709
mammal,mammal_summer,north,summer,hurdle,Moose_Summer,Rural,100,0.118973489036885,0.0595749883009149,0.194302195597634,0.111539574120126,0.126165319844306,0.055822474852709
mammal,mammal_summer,north,summer,hurdle,Moose_Summer,Industrial,100,0.118973489036885,0.0595749883009149,0.194302195597634,0.111539574120126,0.126165319844306,0.055822474852709
mammal,mammal_summer,north,summer,hurdle,Moose_Summer,Well,100,0.150115813653559,0.0641884565559437,0.266317718578671,0.135502134019886,0.160468025351514,0.0806608570334136
mammal,mammal_summer,north,summer,hurdle,Moose_Summer,Crop,100,0.178308894527329,0.144256206301652,0.219215382703309,0.177273110573243,0.179797087755398,0.0305000177721645
mammal,mammal_summer,north,summer,hurdle,Moose_Summer,TameP,100,0.0968784190339813,0.0639905020753798,0.160190119712042,0.0952839991630323,0.104890040231061,0.0378313565075219
mammal,mammal_summer,north,summer,hurdle,Moose_Summer,RoughP,100,0.276331603956952,0.155829543505443,0.406895267796159,0.274174686267773,0.275451935045609,0.0898210684407084
mammal,mammal_summer,south,summer,hurdle,Coyote_Summer,ClaySub,99,0.533150220736053,0.325398622218069,0.726178963551552,0.555220139484688,0.523909857063885,0.149581249796729
mammal,mammal_summer,south,summer,hurdle,Coyote_Summer,Other,99,0.533150220736053,0.325398622218069,0.726178963551552,0.555220139484688,0.523909857063885,0.149581249796729
mammal,mammal_summer,south,summer,hurdle,Coyote_Summer,RapidDrain,99,0.583205101528209,0.405737655337897,0.811750562735225,0.555220139484688,0.599967859266422,0.156816619058576
mammal,mammal_summer,south,summer,hurdle,Coyote_Summer,Loamy,99,0.566488786814424,0.418909848560532,0.773010386676219,0.585624995059312,0.5772796136132,0.136844885972705
mammal,mammal_summer,south,summer,hurdle,Coyote_Summer,SandyLoam,99,0.752069587260714,0.516043348758857,0.875033459295435,0.779017339675273,0.725432489757725,0.133477209151085
mammal,mammal_summer,south,summer,hurdle,Coyote_Summer,ThinBreak,99,0.539120407928289,0.37746390423711,0.752938136678661,0.555220139484688,0.55347164428064,0.141540115041928
mammal,mammal_summer,south,summer,hurdle,Coyote_Summer,Blowout,99,0.539120407928289,0.37746390423711,0.752938136678661,0.555220139484688,0.55347164428064,0.141540115041928
mammal,mammal_summer,south,summer,hurdle,Coyote_Summer,Urban,99,0.560458380581449,0.30584035412618,0.836101653751614,0.487723056831294,0.559830353099832,0.181793550917155
mammal,mammal_summer,south,summer,hurdle,Coyote_Summer,Rural,99,0.560458380581449,0.30584035412618,0.836101653751614,0.487723056831294,0.559830353099832,0.181793550917155
mammal,mammal_summer,south,summer,hurdle,Coyote_Summer,Industrial,99,0.560458380581449,0.30584035412618,0.836101653751614,0.487723056831294,0.559830353099832,0.181793550917155
mammal,mammal_summer,south,summer,hurdle,Coyote_Summer,Well,99,0.483140156808882,0.243543850628091,0.695425018660143,0.487723056831294,0.475755787805985,0.177988341945675
mammal,mammal_summer,south,summer,hurdle,Coyote_Summer,Mine,99,0.560458380581449,0.30584035412618,0.836101653751614,0.487723056831294,0.559830353099832,0.181793550917155
mammal,mammal_summer,south,summer,hurdle,Coyote_Summer,EnSoftLin,99,0.551988691379397,0.369166654777916,0.839252755172912,0.551988691379397,0.573743395435802,0.186447804813419
mammal,mammal_summer,south,summer,hurdle,Coyote_Summer,EnSeismic,99,0.551988691379397,0.369166654777916,0.839252755172912,0.551988691379397,0.573743395435802,0.186447804813419
mammal,mammal_summer,south,summer,hurdle,Coyote_Summer,HardLin,99,0.560458380581449,0.30584035412618,0.836101653751614,0.487723056831294,0.559830353099832,0.181793550917155
mammal,mammal_summer,south,summer,hurdle,Coyote_Summer,TrSoftLin,99,0.551421057241242,0.374412403426174,0.739303345816835,0.551988691379397,0.55118788794327,0.141256298238092
mammal,mammal_summer,south,summer,hurdle,Coyote_Summer,Crop,99,0.637656208587839,0.49529558797905,0.836193078886696,0.664605920258043,0.648907108351841,0.124336335473079
mammal,mammal_summer,south,summer,hurdle,Coyote_Summer,RoughP,99,0.628211923070028,0.486701783432612,0.831663290081914,0.664605920258043,0.640720467792209,0.128184887356401
mammal,mammal_summer,south,summer,hurdle,Coyote_Summer,TameP,99,0.658995748672994,0.49529558797905,0.836648596529824,0.664605920258043,0.655771301073678,0.122976004048341
mammal,mammal_summer,south,summer,hurdle,Coyote_Summer,WetlandMargin,99,0.581770385638187,0.329231355346863,0.799241213154381,0.585444465824865,0.567320654622147,0.182695488693111
mammal,mammal_summer,south,summer,hurdle,Moose_Summer,ClaySub,100,0.0754973526043263,0.0458239666984705,0.12443371523533,0.0784267337005647,0.0820991546821132,0.0340720594732481
mammal,mammal_summer,south,summer,hurdle,Moose_Summer,Other,100,0.0754973526043263,0.0458239666984705,0.12443371523533,0.0784267337005647,0.0820991546821132,0.0340720594732481
mammal,mammal_summer,south,summer,hurdle,Moose_Summer,RapidDrain,100,0.0898193728889103,0.0544321614391112,0.169124236200161,0.0784267337005647,0.103184466735601,0.0508037176402887
mammal,mammal_summer,south,summer,hurdle,Moose_Summer,Loamy,100,0.0754973526043263,0.046969411504197,0.113688607850989,0.0784267337005647,0.0770023896862594,0.0256298204133886
mammal,mammal_summer,south,summer,hurdle,Moose_Summer,SandyLoam,100,0.0585506232943164,0.0209656837086591,0.10982498396462,0.0784267337005647,0.0632575848289767,0.0357931302993329
mammal,mammal_summer,south,summer,hurdle,Moose_Summer,ThinBreak,100,0.0690440751872111,0.0455668700101314,0.107640018556426,0.0784267337005647,0.0744155436126283,0.0265990345899489
mammal,mammal_summer,south,summer,hurdle,Moose_Summer,Blowout,100,0.0690440751872111,0.0455668700101314,0.107640018556426,0.0784267337005647,0.0744155436126283,0.0265990345899489
mammal,mammal_summer,south,summer,hurdle,Moose_Summer,Urban,100,0.0149189755497271,1.15377844073514e-08,0.0687677956339382,0.00922653651061864,0.0265742538392963,0.0307190996810526
mammal,mammal_summer,south,summer,hurdle,Moose_Summer,Rural,100,0.0149189755497271,1.15377844073514e-08,0.0687677956339382,0.00922653651061864,0.0265742538392963,0.0307190996810526
mammal,mammal_summer,south,summer,hurdle,Moose_Summer,Industrial,100,0.0149189755497271,1.15377844073514e-08,0.0687677956339382,0.00922653651061864,0.0265742538392963,0.0307190996810526
mammal,mammal_summer,south,summer,hurdle,Moose_Summer,Well,100,9.70256091755441e-09,3.34243329444256e-09,0.0120656517213894,0.00922653651061864,0.00344041021256161,0.00587883591068888
mammal,mammal_summer,south,summer,hurdle,Moose_Summer,Mine,100,0.0149189755497271,1.15377844073514e-08,0.0687677956339382,0.00922653651061864,0.0265742538392963,0.0307190996810526
mammal,mammal_summer,south,summer,hurdle,Moose_Summer,EnSoftLin,100,0.0613925660634633,0.0228914216364576,0.172980551432417,0.036098691627639,0.0870022146949501,0.0861898400742218
mammal,mammal_summer,south,summer,hurdle,Moose_Summer,EnSeismic,100,0.0613925660634633,0.0228914216364576,0.172980551432417,0.036098691627639,0.0870022146949501,0.0861898400742218
mammal,mammal_summer,south,summer,hurdle,Moose_Summer,HardLin,100,0.0149189755497271,1.15377844073514e-08,0.0687677956339382,0.00922653651061864,0.0265742538392963,0.0307190996810526
mammal,mammal_summer,south,summer,hurdle,Moose_Summer,TrSoftLin,100,0.0312751876831008,0.0153840077110305,0.0582148277417413,0.036098691627639,0.033797894109043,0.0164856945190874
mammal,mammal_summer,south,summer,hurdle,Moose_Summer,Crop,100,0.0290831580423508,0.0168202953913674,0.0444969076233006,0.0270020288489522,0.0300026599427121,0.0108015110559459
mammal,mammal_summer,south,summer,hurdle,Moose_Summer,RoughP,100,0.027060425084569,0.0155717202882352,0.0495357718432256,0.0270020288489522,0.0307206786257607,0.0145473793590478
mammal,mammal_summer,south,summer,hurdle,Moose_Summer,TameP,100,0.021246637642403,0.0100067327177243,0.0385937143721166,0.0270020288489522,0.0228743404925687,0.0113061261626493
mammal,mammal_summer,south,summer,hurdle,Moose_Summer,WetlandMargin,100,1.64157963789091e-08,6.9138159991845e-09,4.35015387623389e-08,2.33837497296015e-08,2.47066699086432e-08,2.77102602578868e-08
mammal,mammal_winter,north,winter,hurdle,Coyote_Winter,Decid,100,0.0441801422120102,0.0380443781286064,0.0520501930616528,0.0449203614522765,0.0442927353342687,0.00565566738018957
mammal,mammal_winter,north,winter,hurdle,Coyote_Winter,Mixedwood,100,0.0274521702294942,0.0189460705705972,0.0370713341339322,0.0273241474240622,0.0279182603040639,0.00812137273402431
mammal,mammal_winter,north,winter,hurdle,Coyote_Winter,Pine,100,0.0169691221092524,0.0115590337125378,0.0224752565704855,0.0176556438960936,0.0172309771750957,0.00445515073415181
mammal,mammal_winter,north,winter,hurdle,Coyote_Winter,Spruce,100,0.0139342200911224,0.00902317716707155,0.021131550722022,0.0137961282417973,0.014494044040736,0.00469965157007278
mammal,mammal_winter,north,winter,hurdle,Coyote_Winter,TreedBog,100,0.0285152872075479,0.0235989018745811,0.0331700061908687,0.0286355651253948,0.0283020176999104,0.00384196970987737
mammal,mammal_winter,north,winter,hurdle,Coyote_Winter,TreedFen,100,0.031376327610073,0.0245484737335901,0.0382003227179276,0.0316720599445966,0.0314299542025266,0.00536226751347378
mammal,mammal_winter,north,winter,hurdle,Coyote_Winter,TreedSwamp,100,0.0574237874651995,0.0397626701657425,0.0828631811624413,0.0562955719457925,0.0599362255184132,0.0167451860422155
mammal,mammal_winter,north,winter,hurdle,Coyote_Winter,GrassHerb,100,0.0752855436869807,0.0571656823514431,0.0999643819729603,0.0783755759784833,0.0767959247473038,0.0165509676115107
mammal,mammal_winter,north,winter,hurdle,Coyote_Winter,Shrub,100,0.0655325202828486,0.0489750303062312,0.0896679789819056,0.0693588214886089,0.0666932900053699,0.0165528227085852
mammal,mammal_winter,north,winter,hurdle,Coyote_Winter,GraminoidFen,100,0.0836102304373164,0.0591663531030278,0.105067520949907,0.0834692933781883,0.0833141459476071,0.0178600396315725
mammal,mammal_winter,north,winter,hurdle,Coyote_Winter,Marsh,100,0.0836102304373164,0.0591663531030278,0.105067520949907,0.0834692933781883,0.0833141459476071,0.0178600396315725
mammal,mammal_winter,north,winter,hurdle,Coyote_Winter,ShrubbyBog,100,0.0148994403771645,0.00859347071369135,0.0237749328750818,0.0174941754511015,0.016542315636732,0.00707394415904985
mammal,mammal_winter,north,winter,hurdle,Coyote_Winter,ShrubbyFen,100,0.0148994403771645,0.00859347071369135,0.0237749328750818,0.0174941754511015,0.016542315636732,0.00707394415904985
mammal,mammal_winter,north,winter,hurdle,Coyote_Winter,ShrubbySwamp,100,0.0188813430167508,0.010188524815852,0.0266391080315766,0.0195830589922788,0.0191847427790687,0.00688884835074752
mammal,mammal_winter,north,winter,hurdle,Coyote_Winter,CCDecidR,100,0.0609689167321641,0.0435880046934829,0.0880996260162498,0.0634232741924905,0.0644983779591182,0.0227600380888077
mammal,mammal_winter,north,winter,hurdle,Coyote_Winter,CCDecid1,100,0.061455414319186,0.0425169152093179,0.0866492071396139,0.0634232741924905,0.0637468043569909,0.0179989199651142
mammal,mammal_winter,north,winter,hurdle,Coyote_Winter,CCDecid2,100,0.0579259475476142,0.0401946833462241,0.0793308999711383,0.0634232741924905,0.058758319370857,0.0184541471423022
mammal,mammal_winter,north,winter,hurdle,Coyote_Winter,CCDecid3,100,0.065812281901988,0.0458682120231148,0.110469048876007,0.0634232741924905,0.0712673981021456,0.0271165639483053
mammal,mammal_winter,north,winter,hurdle,Coyote_Winter,CCDecid4,100,0.065812281901988,0.0458682120231148,0.110469048876007,0.0634232741924905,0.0712673981021456,0.0271165639483053
mammal,mammal_winter,north,winter,hurdle,Coyote_Winter,CCMixedwoodR,100,0.0639052442071173,0.0444166028245725,0.193772909813427,0.0634232741924905,0.0944426818735319,0.120672566074976
mammal,mammal_winter,north,winter,hurdle,Coyote_Winter,CCMixedwood1,100,0.0578930475597618,0.0363803353576038,0.0858500841121438,0.0634232741924905,0.059437673794497,0.0247051319421999
mammal,mammal_winter,north,winter,hurdle,Coyote_Winter,CCMixedwood2,100,0.0603769675159346,0.0404602333638686,0.0869107653927138,0.0634232741924905,0.0629634759930984,0.0235475845209569
mammal,mammal_winter,north,winter,hurdle,Coyote_Winter,CCMixedwood3,100,0.065812281901988,0.0458682120231148,0.110469048876007,0.0634232741924905,0.0712673981021456,0.0271165639483053
mammal,mammal_winter,north,winter,hurdle,Coyote_Winter,CCMixedwood4,100,0.065812281901988,0.0458682120231148,0.110469048876007,0.0634232741924905,0.0712673981021456,0.0271165639483053
mammal,mammal_winter,north,winter,hurdle,Coyote_Winter,CCPineR,100,0.0454372615554885,0.0264426704342878,0.0772816673703056,0.0429017164110987,0.0517831160467498,0.0304806139233005
mammal,mammal_winter,north,winter,hurdle,Coyote_Winter,CCPine1,100,0.0423136080966415,0.0239610769127983,0.0636460703981842,0.0429017164110987,0.0428987693194692,0.0150418536389454
mammal,mammal_winter,north,winter,hurdle,Coyote_Winter,CCPine2,100,0.0454372615554885,0.0264426704342878,0.109551752803063,0.0429017164110987,0.0559509823014347,0.0321162472627193
mammal,mammal_winter,north,winter,hurdle,Coyote_Winter,CCPine3,100,0.0454372615554885,0.0264426704342878,0.109551752803063,0.0429017164110987,0.0559509823014347,0.0321162472627193
mammal,mammal_winter,north,winter,hurdle,Coyote_Winter,CCPine4,100,0.0454372615554885,0.0264426704342878,0.109551752803063,0.0429017164110987,0.0559509823014347,0.0321162472627193
mammal,mammal_winter,north,winter,hurdle,Coyote_Winter,CCSpruceR,100,0.0266248861652583,0.00858510635952236,0.0545668890367623,0.0309648973086927,0.0291857521558944,0.0179714992004611
mammal,mammal_winter,north,winter,hurdle,Coyote_Winter,CCSpruce1,100,0.0281605702410256,0.0140888139413565,0.0563493928549161,0.0309648973086927,0.0333225413660826,0.025211436347249
mammal,mammal_winter,north,winter,hurdle,Coyote_Winter,CCSpruce2,100,0.0290021079818168,0.0164189449870767,0.0554061952615034,0.0309648973086927,0.0323564703801675,0.015870938516246
mammal,mammal_winter,north,winter,hurdle,Coyote_Winter,CCSpruce3,100,0.0311963025795263,0.0169063198874443,0.109551752803063,0.0309648973086927,0.0450380735939417,0.0364654586371936
mammal,mammal_winter,north,winter,hurdle,Coyote_Winter,CCSpruce4,100,0.0311963025795263,0.0169063198874443,0.109551752803063,0.0309648973086927,0.0450380735939417,0.0364654586371936
mammal,mammal_winter,north,winter,hurdle,Coyote_Winter,HardLin,100,0.120838067045032,0.0966706219158405,0.233279953194392,0.118992631310027,0.138264579666678,0.0568468515414428
mammal,mammal_winter,north,winter,hurdle,Coyote_Winter,EnSoftLin,100,0.118011413545915,0.0907733798379286,0.170690965008075,0.0980871465772408,0.125038186709424,0.0331086015314007
mammal,mammal_winter,north,winter,hurdle,Coyote_Winter,EnSeismic,100,0.0815667321881285,0.0339416726680318,0.111518791819418,0.0980871465772408,0.0751979348594535,0.0310447867439705
mammal,mammal_winter,north,winter,hurdle,Coyote_Winter,TrSoftLin,100,0.0948122622235059,0.0641855678678306,0.115586769105764,0.0980871465772408,0.0923907466893072,0.0200531728209402
mammal,mammal_winter,north,winter,hurdle,Coyote_Winter,Urban,100,0.120838067045032,0.0966706219158405,0.233279953194392,0.118992631310027,0.138264579666678,0.0568468515414428
mammal,mammal_winter,north,winter,hurdle,Coyote_Winter,Rural,100,0.120838067045032,0.0966706219158405,0.233279953194392,0.118992631310027,0.138264579666678,0.0568468515414428
mammal,mammal_winter,north,winter,hurdle,Coyote_Winter,Industrial,100,0.120838067045032,0.0966706219158405,0.233279953194392,0.118992631310027,0.138264579666678,0.0568468515414428
mammal,mammal_winter,north,winter,hurdle,Coyote_Winter,Well,100,0.113022652466482,0.0550316081237054,0.146052807954379,0.118992631310027,0.112237080323506,0.0393792993179918
mammal,mammal_winter,north,winter,hurdle,Coyote_Winter,Crop,100,0.117003736392723,0.0957174518415361,0.141471068423912,0.118992631310027,0.118180575509835,0.0185889175708889
mammal,mammal_winter,north,winter,hurdle,Coyote_Winter,TameP,100,0.121933470860515,0.0966169367673692,0.152182327713371,0.118992631310027,0.123392801114276,0.0222839504856315
mammal,mammal_winter,north,winter,hurdle,Coyote_Winter,RoughP,100,0.11398472893091,0.0919934519147151,0.144547924767592,0.118992631310027,0.116389735223143,0.0219274565125492
mammal,mammal_winter,north,winter,hurdle,Moose_Winter,Decid,100,0.107018576225334,0.0781860408956421,0.14724878101086,0.111664402452981,0.110593112833016,0.0265339937333045
mammal,mammal_winter,north,winter,hurdle,Moose_Winter,Mixedwood,100,0.0600249041780712,0.0387186048969526,0.0952931739407444,0.0655577834788831,0.0636107827695861,0.0232553473916604
mammal,mammal_winter,north,winter,hurdle,Moose_Winter,Pine,100,0.0396309480042169,0.0273930089386423,0.0574164498277552,0.0434917161194809,0.0419977730497561,0.0117903714686515
mammal,mammal_winter,north,winter,hurdle,Moose_Winter,Spruce,100,0.063519837765127,0.0423944034638921,0.0958282320714583,0.0695392350566296,0.0673039082819413,0.0222054985527112
mammal,mammal_winter,north,winter,hurdle,Moose_Winter,TreedBog,100,0.0250513458868803,0.0163856844345025,0.0384141777296862,0.0324223167296191,0.0265136281869465,0.00897335198181729
mammal,mammal_winter,north,winter,hurdle,Moose_Winter,TreedFen,100,0.0378782204941214,0.0250286657300626,0.0552489917228343,0.0324223167296191,0.0398379940113467,0.0113063709718298
mammal,mammal_winter,north,winter,hurdle,Moose_Winter,TreedSwamp,100,0.127507185499595,0.0840026514669348,0.214189723172413,0.138924945537604,0.138839239739068,0.0500243329966069
mammal,mammal_winter,north,winter,hurdle,Moose_Winter,GrassHerb,100,0.063210452889291,0.0449333207050848,0.0991932646492706,0.0674988002326724,0.0676950424601493,0.0214785935294802
mammal,mammal_winter,north,winter,hurdle,Moose_Winter,Shrub,100,0.0807462892653911,0.0437672839247167,0.111985367190735,0.0845204524428601,0.080530874970254,0.0264685695503026
mammal,mammal_winter,north,winter,hurdle,Moose_Winter,GraminoidFen,100,0.0582488597559558,0.033628554365253,0.0903221835370631,0.0715579377130805,0.0607985591346197,0.024022251134648
mammal,mammal_winter,north,winter,hurdle,Moose_Winter,Marsh,100,0.0582488597559558,0.033628554365253,0.0903221835370631,0.0715579377130805,0.0607985591346197,0.024022251134648
mammal,mammal_winter,north,winter,hurdle,Moose_Winter,ShrubbyBog,100,0.054101177976491,0.0303167705666363,0.0873301625562935,0.0715579377130805,0.0583031673175539,0.0215763558023682
mammal,mammal_winter,north,winter,hurdle,Moose_Winter,ShrubbyFen,100,0.054101177976491,0.0303167705666363,0.0873301625562935,0.0715579377130805,0.0583031673175539,0.0215763558023682
mammal,mammal_winter,north,winter,hurdle,Moose_Winter,ShrubbySwamp,100,0.0872069283399591,0.0610661624483727,0.127347246867895,0.0715579377130805,0.0905479325592781,0.0285730238747674
mammal,mammal_winter,north,winter,hurdle,Moose_Winter,CCDecidR,100,0.0911593424841253,0.0584453778398794,0.13941689617098,0.0987996864776002,0.0995308542397944,0.0386189224128256
mammal,mammal_winter,north,winter,hurdle,Moose_Winter,CCDecid1,100,0.0894786978425815,0.0594106751140486,0.148900197266955,0.0987996864776002,0.101588455377209,0.0487235225290337
mammal,mammal_winter,north,winter,hurdle,Moose_Winter,CCDecid2,100,0.0911593424841253,0.0594106751140486,0.15100586688468,0.0987996864776002,0.100885170210963,0.0397086172985588
mammal,mammal_winter,north,winter,hurdle,Moose_Winter,CCDecid3,100,0.0814502525610403,0.0484438488115814,0.124155346530608,0.0987996864776002,0.0834536368550272,0.0302337191183088
mammal,mammal_winter,north,winter,hurdle,Moose_Winter,CCDecid4,100,0.0814502525610403,0.0484438488115814,0.124155346530608,0.0987996864776002,0.0834536368550272,0.0302337191183088
mammal,mammal_winter,north,winter,hurdle,Moose_Winter,CCMixedwoodR,100,0.0789271332438918,5.50952067758724e-08,0.124155346530608,0.0987996864776002,0.0670668536263169,0.0486505402997848
mammal,mammal_winter,north,winter,hurdle,Moose_Winter,CCMixedwood1,100,0.0908997403596427,0.0553451656837641,0.150772645901323,0.0987996864776002,0.105620598942897,0.0672187184321156
mammal,mammal_winter,north,winter,hurdle,Moose_Winter,CCMixedwood2,100,0.0801127444470547,0.0123987938171872,0.124155346530608,0.0987996864776002,0.0760184068054095,0.0412743660068957
mammal,mammal_winter,north,winter,hurdle,Moose_Winter,CCMixedwood3,100,0.0814502525610403,0.0484438488115814,0.124155346530608,0.0987996864776002,0.0834536368550272,0.0302337191183088
mammal,mammal_winter,north,winter,hurdle,Moose_Winter,CCMixedwood4,100,0.0814502525610403,0.0484438488115814,0.124155346530608,0.0987996864776002,0.0834536368550272,0.0302337191183088
mammal,mammal_winter,north,winter,hurdle,Moose_Winter,CCPineR,100,0.0763878373107279,0.0187048867953609,0.122719355362655,0.0987996864776002,0.0740963478990904,0.0395541797117844
mammal,mammal_winter,north,winter,hurdle,Moose_Winter,CCPine1,100,0.0890734500932516,0.0483951778064103,0.127573277136019,0.0987996864776002,0.0896864933149464,0.035082662488274
mammal,mammal_winter,north,winter,hurdle,Moose_Winter,CCPine2,100,0.0775870517260786,0.0435952763542857,0.120847942970241,0.0987996864776002,0.0801633467749005,0.0318064195179464
mammal,mammal_winter,north,winter,hurdle,Moose_Winter,CCPine3,100,0.0775870517260786,0.0435952763542857,0.120847942970241,0.0987996864776002,0.0801633467749005,0.0318064195179464
mammal,mammal_winter,north,winter,hurdle,Moose_Winter,CCPine4,100,0.0775870517260786,0.0435952763542857,0.120847942970241,0.0987996864776002,0.0801633467749005,0.0318064195179464
mammal,mammal_winter,north,winter,hurdle,Moose_Winter,CCSpruceR,100,0.0873268123435719,8.73027675440557e-08,0.151670225506166,0.0987996864776002,0.0870060531575045,0.0555939709321528
mammal,mammal_winter,north,winter,hurdle,Moose_Winter,CCSpruce1,100,0.109990762983568,0.0690528235829929,0.31601607625292,0.0987996864776002,0.156194351721973,0.129793292503217
mammal,mammal_winter,north,winter,hurdle,Moose_Winter,CCSpruce2,100,0.0986353171316303,0.0574876224706808,0.159276841473816,0.0987996864776002,0.104909161020079,0.0462071228373226
mammal,mammal_winter,north,winter,hurdle,Moose_Winter,CCSpruce3,100,0.08769898759399,0.0492870615774235,0.151670225506166,0.0987996864776002,0.0953999877264437,0.044423714215896
mammal,mammal_winter,north,winter,hurdle,Moose_Winter,CCSpruce4,100,0.08769898759399,0.0492870615774235,0.151670225506166,0.0987996864776002,0.0953999877264437,0.044423714215896
mammal,mammal_winter,north,winter,hurdle,Moose_Winter,HardLin,100,0.0594218708037509,0.0188566375615111,0.0853868289899408,0.0681539858129174,0.0560611678925488,0.0321190931437238
mammal,mammal_winter,north,winter,hurdle,Moose_Winter,EnSoftLin,100,0.0511883484980616,0.0216773916021179,0.0851363710135712,0.0630037477010183,0.0527068863002357,0.024694185086149
mammal,mammal_winter,north,winter,hurdle,Moose_Winter,EnSeismic,100,0.0582948031389333,0.035603305847707,0.0973901385067103,0.0630037477010183,0.0629353106319518,0.0268064665557228
mammal,mammal_winter,north,winter,hurdle,Moose_Winter,TrSoftLin,100,0.063916768024785,0.040499656095095,0.111378571528245,0.0630037477010183,0.0729447152028905,0.0338934466777903
mammal,mammal_winter,north,winter,hurdle,Moose_Winter,Urban,100,0.0594218708037509,0.0188566375615111,0.0853868289899408,0.0681539858129174,0.0560611678925488,0.0321190931437238
mammal,mammal_winter,north,winter,hurdle,Moose_Winter,Rural,100,0.0594218708037509,0.0188566375615111,0.0853868289899408,0.0681539858129174,0.0560611678925488,0.0321190931437238
mammal,mammal_winter,north,winter,hurdle,Moose_Winter,Industrial,100,0.0594218708037509,0.0188566375615111,0.0853868289899408,0.0681539858129174,0.0560611678925488,0.0321190931437238
mammal,mammal_winter,north,winter,hurdle,Moose_Winter,Well,100,0.0639396671010574,0.0223565955416337,0.106420658756765,0.0681539858129174,0.0680570215149711,0.0468812951102975
mammal,mammal_winter,north,winter,hurdle,Moose_Winter,Crop,100,0.0639396671010574,0.0442256259217382,0.0860637424530528,0.0681539858129174,0.0645352579754965,0.0177221739780754
mammal,mammal_winter,north,winter,hurdle,Moose_Winter,TameP,100,0.0602267341786738,0.0381802904243015,0.0865450094961094,0.0681539858129174,0.0613572901726841,0.0208547596132734
mammal,mammal_winter,north,winter,hurdle,Moose_Winter,RoughP,100,0.0827058600533914,0.0499961758784742,0.221213338882194,0.0681539858129174,0.111786841032919,0.0666586431819001
mammal,mammal_winter,south,winter,hurdle,Coyote_Winter,ClaySub,100,0.695946156395264,0.52844388716267,0.840819628284833,0.714170375192759,0.689030492066084,0.111837539280104
mammal,mammal_winter,south,winter,hurdle,Coyote_Winter,Other,100,0.695946156395264,0.52844388716267,0.840819628284833,0.714170375192759,0.689030492066084,0.111837539280104
mammal,mammal_winter,south,winter,hurdle,Coyote_Winter,RapidDrain,100,0.711243081707945,0.540957520143654,0.858699360593556,0.714170375192759,0.704411537350655,0.116399110698907
mammal,mammal_winter,south,winter,hurdle,Coyote_Winter,Loamy,100,0.703435420804858,0.558124707867744,0.840535376692541,0.714170375192759,0.696820761951072,0.1056316539274
mammal,mammal_winter,south,winter,hurdle,Coyote_Winter,SandyLoam,100,0.765898474195991,0.625128237557598,0.89519023310151,0.714170375192759,0.75925104168454,0.109119980300251
mammal,mammal_winter,south,winter,hurdle,Coyote_Winter,ThinBreak,100,0.702729894924194,0.532784100477285,0.845582463576447,0.714170375192759,0.696498363080483,0.112209043947277
mammal,mammal_winter,south,winter,hurdle,Coyote_Winter,Blowout,100,0.702729894924194,0.532784100477285,0.845582463576447,0.714170375192759,0.696498363080483,0.112209043947277
mammal,mammal_winter,south,winter,hurdle,Coyote_Winter,Urban,100,0.775789255850362,0.636241543237387,0.8824519427391,0.757773549137013,0.758182230379237,0.11436905098169
mammal,mammal_winter,south,winter,hurdle,Coyote_Winter,Rural,100,0.775789255850362,0.636241543237387,0.8824519427391,0.757773549137013,0.758182230379237,0.11436905098169
mammal,mammal_winter,south,winter,hurdle,Coyote_Winter,Industrial,100,0.775789255850362,0.636241543237387,0.8824519427391,0.757773549137013,0.758182230379237,0.11436905098169
mammal,mammal_winter,south,winter,hurdle,Coyote_Winter,Well,100,0.723172291301919,0.535354887502062,0.873697343957099,0.757773549137013,0.711240341537646,0.127789436959912
mammal,mammal_winter,south,winter,hurdle,Coyote_Winter,Mine,100,0.775789255850362,0.636241543237387,0.8824519427391,0.757773549137013,0.758182230379237,0.11436905098169
mammal,mammal_winter,south,winter,hurdle,Coyote_Winter,EnSoftLin,100,0.656946705814415,0.471714470156675,0.856438129969767,0.628634628150965,0.649753443360378,0.158071932609515
mammal,mammal_winter,south,winter,hurdle,Coyote_Winter,EnSeismic,100,0.656946705814415,0.471714470156675,0.856438129969767,0.628634628150965,0.649753443360378,0.158071932609515
mammal,mammal_winter,south,winter,hurdle,Coyote_Winter,HardLin,100,0.775789255850362,0.636241543237387,0.8824519427391,0.757773549137013,0.758182230379237,0.11436905098169
mammal,mammal_winter,south,winter,hurdle,Coyote_Winter,TrSoftLin,100,0.629322984636201,0.467535885878004,0.797966928943662,0.628634628150965,0.630495467901194,0.127898159927544
mammal,mammal_winter,south,winter,hurdle,Coyote_Winter,Crop,100,0.763625172444686,0.625233314007204,0.873697343957099,0.757773549137013,0.748637157301014,0.0964348772482102
mammal,mammal_winter,south,winter,hurdle,Coyote_Winter,RoughP,100,0.757503251016383,0.560574525811163,0.873697343957099,0.757773549137013,0.737968673107066,0.105962302473259
mammal,mammal_winter,south,winter,hurdle,Coyote_Winter,TameP,100,0.761837237003966,0.650402585362162,0.873697343957099,0.757773549137013,0.753861584328303,0.0927946141177057
mammal,mammal_winter,south,winter,hurdle,Coyote_Winter,WetlandMargin,100,0.888816791069685,0.745819337087173,0.963175043297249,0.870880735779777,0.861580803343261,0.103911677681727
mammal,mammal_winter,south,winter,hurdle,Moose_Winter,ClaySub,100,0.00901907292334418,0.00395896603109892,0.0224763592865055,0.0141945654676911,0.0111116719857896,0.00736053858000641
mammal,mammal_winter,south,winter,hurdle,Moose_Winter,Other,100,0.00901907292334418,0.00395896603109892,0.0224763592865055,0.0141945654676911,0.0111116719857896,0.00736053858000641
mammal,mammal_winter,south,winter,hurdle,Moose_Winter,RapidDrain,100,0.0113976501352768,0.0043465212562151,0.0256046970444095,0.0141945654676911,0.0143241968881526,0.0105633476997002
mammal,mammal_winter,south,winter,hurdle,Moose_Winter,Loamy,100,0.00983864381384956,0.00427177362560075,0.023102750553041,0.0141945654676911,0.0121120043194343,0.00771436958661508
mammal,mammal_winter,south,winter,hurdle,Moose_Winter,SandyLoam,100,0.0121871060388674,0.00530943283352528,0.0296467650966089,0.0141945654676911,0.0157507471339046,0.0113623076859402
mammal,mammal_winter,south,winter,hurdle,Moose_Winter,ThinBreak,100,0.0208105854240252,0.0085593099510179,0.0392579304751684,0.0141945654676911,0.023314514621981,0.0150362529640607
mammal,mammal_winter,south,winter,hurdle,Moose_Winter,Blowout,100,0.0208105854240252,0.0085593099510179,0.0392579304751684,0.0141945654676911,0.023314514621981,0.0150362529640607
mammal,mammal_winter,south,winter,hurdle,Moose_Winter,Urban,100,7.75895576152824e-10,3.44432500305338e-10,2.78333509246948e-09,9.67698723675452e-10,0.000235799040000245,0.00120591748931771
mammal,mammal_winter,south,winter,hurdle,Moose_Winter,Rural,100,7.75895576152824e-10,3.44432500305338e-10,2.78333509246948e-09,9.67698723675452e-10,0.000235799040000245,0.00120591748931771
mammal,mammal_winter,south,winter,hurdle,Moose_Winter,Industrial,100,7.75895576152824e-10,3.44432500305338e-10,2.78333509246948e-09,9.67698723675452e-10,0.000235799040000245,0.00120591748931771
mammal,mammal_winter,south,winter,hurdle,Moose_Winter,Well,100,7.87419219794934e-10,2.99392953216905e-10,2.57405477170408e-09,8.90552084803996e-10,0.00023579898080937,0.00120591750100836
mammal,mammal_winter,south,winter,hurdle,Moose_Winter,Mine,100,7.75895576152824e-10,3.44432500305338e-10,2.78333509246948e-09,9.67698723675452e-10,0.000235799040000245,0.00120591748931771
mammal,mammal_winter,south,winter,hurdle,Moose_Winter,EnSoftLin,100,0.0248424631931178,0.00460836849545691,0.0921001582461561,0.0367985674989132,0.0407755679608486,0.05743250715751
mammal,mammal_winter,south,winter,hurdle,Moose_Winter,EnSeismic,100,0.0248424631931178,0.00460836849545691,0.0921001582461561,0.0367985674989132,0.0407755679608486,0.05743250715751
mammal,mammal_winter,south,winter,hurdle,Moose_Winter,HardLin,100,7.75895576152824e-10,3.44432500305338e-10,2.78333509246948e-09,9.67698723675452e-10,0.000235799040000245,0.00120591748931771
mammal,mammal_winter,south,winter,hurdle,Moose_Winter,TrSoftLin,100,0.00249469387501362,0.000379040108724366,0.00760478473172621,0.00374705166332369,0.00327937656633436,0.0029084108249803
mammal,mammal_winter,south,winter,hurdle,Moose_Winter,Crop,100,0.00404295592923784,0.0019251990644438,0.00822025781058035,0.00559204853976238,0.00486637506500823,0.0030617350571807
mammal,mammal_winter,south,winter,hurdle,Moose_Winter,RoughP,100,0.00644153277046238,0.00252423910713441,0.0162105994287237,0.00988095151082199,0.00796460823501309,0.00629421417448711
mammal,mammal_winter,south,winter,hurdle,Moose_Winter,TameP,100,0.00270840599523607,0.00110079046436486,0.00696658084994184,0.00325978967361389,0.00337440291115855,0.00230092417924499
mammal,mammal_winter,south,winter,hurdle,Moose_Winter,WetlandMargin,100,1.86844798686809e-09,9.42942331037853e-10,4.67968633112177e-09,2.06303834717273e-09,2.71691235950851e-09,2.7090235036235e-09
mite,mite,north,,,Ceratozetes.gracilis,WhiteSpruce,100,0.07938259004759,0.0719527394304755,0.0875845851932171,0.0783644708180673,0.0799208933542465,0.00624681141859307
mite,mite,north,,,Ceratozetes.gracilis,Pine,100,0.0571490439101831,0.0530628627411147,0.0629520262365782,0.0561087495328157,0.0576497982383193,0.00368213926355443
mite,mite,north,,,Ceratozetes.gracilis,Deciduous,100,0.121114071952757,0.110635619991547,0.13539009654291,0.120032888034155,0.122127477972057,0.00906642761340119
mite,mite,north,,,Ceratozetes.gracilis,Mixedwood,100,0.0920645729781936,0.085277816475564,0.102830652018281,0.0922465109400969,0.0931124910680748,0.00723083472114519
mite,mite,north,,,Ceratozetes.gracilis,BlackSpruce,100,0.0205596846759899,0.01774747849712,0.0246835796298818,0.0201312092719344,0.0207395222242242,0.00269942006168839
mite,mite,north,,,Ceratozetes.gracilis,TreedFen,100,0.0262590836790149,0.022901303675808,0.0320739517908113,0.0260589020761079,0.0267137746414772,0.00355493829382522
mite,mite,north,,,Ceratozetes.gracilis,TreedSwamp,100,0.0749604279425229,0.0634144291973861,0.0898203679528381,0.0749606880704819,0.0761649454233833,0.0106039339361351
mite,mite,north,,,Ceratozetes.gracilis,GraminoidFen,100,0.0258008264010977,0.0226930616219225,0.0307682440305272,0.0256468478624544,0.0262707967017652,0.00335026774261756
mite,mite,north,,,Ceratozetes.gracilis,ShrubbyFen,100,0.0254487265060534,0.0223540452795499,0.0301094594591206,0.0254940252637942,0.0260607917697191,0.00327777143955078
mite,mite,north,,,Ceratozetes.gracilis,ShrubbyBog,100,0.0217699682682496,0.018693330296751,0.025697012464359,0.0212207018552364,0.0218479880504345,0.00277080951556781
mite,mite,north,,,Ceratozetes.gracilis,ShrubbySwamp,100,0.077888260617536,0.0672274879829727,0.0933591987007735,0.0787981143345215,0.0802416071466661,0.0105602209357424
mite,mite,north,,,Ceratozetes.gracilis,Marsh,100,0.0560999396785352,0.0481162697910709,0.0683107080664086,0.0549398690582114,0.0573590597385013,0.00786488087781461
mite,mite,north,,,Ceratozetes.gracilis,Shrub,100,0.0693261001545315,0.0527699322847994,0.0879397561586401,0.0690326282206128,0.0707242071858363,0.0142570617860765
mite,mite,north,,,Ceratozetes.gracilis,Grass,100,0.0719434890897125,0.0532588234798988,0.0922512916642734,0.0717095541732357,0.0719712607181167,0.0150633512396085
mite,mite,north,,,Ceratozetes.gracilis,CCWhiteSpruceR,100,0.108372391070974,0.0939105497659915,0.122154889239541,0.104199864858387,0.107448463212037,0.0106942184205959
mite,mite,north,,,Ceratozetes.gracilis,CCWhiteSpruce1,100,0.126418259313458,0.107584948778633,0.14165251782393,0.123393977309761,0.125545333171289,0.0125253700327604
mite,mite,north,,,Ceratozetes.gracilis,CCWhiteSpruce2,100,0.123391309625664,0.107180188239376,0.140931502684704,0.121062001485335,0.123374522277479,0.0126543051434726
mite,mite,north,,,Ceratozetes.gracilis,CCWhiteSpruce3,100,0.123391309625664,0.107180188239376,0.140931502684704,0.121062001485335,0.123374522277479,0.0126543051434726
mite,mite,north,,,Ceratozetes.gracilis,CCWhiteSpruce4,100,0.123391309625664,0.107180188239376,0.140931502684704,0.121062001485335,0.123374522277479,0.0126543051434726
mite,mite,north,,,Ceratozetes.gracilis,CCPineR,100,0.112736667313337,0.0979400027291584,0.12676396214384,0.108797637100679,0.111692863808291,0.0109124538352999
mite,mite,north,,,Ceratozetes.gracilis,CCPine1,100,0.111461544311891,0.0975457924857779,0.125925207012302,0.108122243613567,0.111206498168139,0.0109657755583875
mite,mite,north,,,Ceratozetes.gracilis,CCPine2,100,0.111179104798711,0.0975624150723887,0.125974488745933,0.107706392899407,0.110865115464889,0.0109545674282994
mite,mite,north,,,Ceratozetes.gracilis,CCPine3,100,0.111179104798711,0.0975624150723887,0.125974488745933,0.107706392899407,0.110865115464889,0.0109545674282994
mite,mite,north,,,Ceratozetes.gracilis,CCPine4,100,0.111179104798711,0.0975624150723887,0.125974488745933,0.107706392899407,0.110865115464889,0.0109545674282994
mite,mite,north,,,Ceratozetes.gracilis,CCDeciduousR,100,0.139566560579538,0.121641522791004,0.154666484830067,0.134759239890019,0.139023356548756,0.0138695921747237
mite,mite,north,,,Ceratozetes.gracilis,CCDeciduous1,100,0.164039113098095,0.140659210007625,0.184163124936701,0.159272382892999,0.164023916325755,0.0170446168368175
mite,mite,north,,,Ceratozetes.gracilis,CCDeciduous2,100,0.133209432108129,0.116294494399973,0.149296893810894,0.12851467723662,0.132549178989436,0.0137844675517765
mite,mite,north,,,Ceratozetes.gracilis,CCDeciduous3,100,0.133209432108129,0.116294494399973,0.149296893810894,0.12851467723662,0.132549178989436,0.0137844675517765
mite,mite,north,,,Ceratozetes.gracilis,CCDeciduous4,100,0.133209432108129,0.116294494399973,0.149296893810894,0.12851467723662,0.132549178989436,0.0137844675517765
mite,mite,north,,,Ceratozetes.gracilis,CCMixedwoodR,100,0.139566560579538,0.121641522791004,0.154666484830067,0.134759239890019,0.139023356548756,0.0138695921747237
mite,mite,north,,,Ceratozetes.gracilis,CCMixedwood1,100,0.164039113098095,0.140659210007625,0.184163124936701,0.159272382892999,0.164023916325755,0.0170446168368175
mite,mite,north,,,Ceratozetes.gracilis,CCMixedwood2,100,0.133209432108129,0.116294494399973,0.149296893810894,0.12851467723662,0.132549178989436,0.0137844675517765
mite,mite,north,,,Ceratozetes.gracilis,CCMixedwood3,100,0.133209432108129,0.116294494399973,0.149296893810894,0.12851467723662,0.132549178989436,0.0137844675517765
mite,mite,north,,,Ceratozetes.gracilis,CCMixedwood4,100,0.133209432108129,0.116294494399973,0.149296893810894,0.12851467723662,0.132549178989436,0.0137844675517765
mite,mite,north,,,Ceratozetes.gracilis,EnSeismic,100,0.0810272367163969,0.0626144337347414,0.112554076166279,0.0802806120357541,0.0843640794591155,0.0207422391596591
mite,mite,north,,,Ceratozetes.gracilis,EnSoftLin,100,0.0785426684555874,0.0612849115073368,0.11061412559478,0.0797199425033713,0.0821778717987157,0.020137419776097
mite,mite,north,,,Ceratozetes.gracilis,TrSoftLin,100,0.0766983750537822,0.0575016479816002,0.103974343610869,0.0742439958268106,0.0780452088736354,0.0186458418075786
mite,mite,north,,,Ceratozetes.gracilis,HardLin,100,0.0262737119302125,0.0219643664702789,0.0328250021435475,0.0268643924591711,0.0272625876576968,0.00456096919080605
mite,mite,north,,,Ceratozetes.gracilis,UrbInd,100,0.0443904695284065,0.0336078935648463,0.0570352114850683,0.0442950175704556,0.0447934435750473,0.00936051807714834
mite,mite,north,,,Ceratozetes.gracilis,Wellsites,100,0.0325249656344083,0.0268378330598262,0.039585094087309,0.0328506872802035,0.0330996829389395,0.0055016876388775
mite,mite,north,,,Ceratozetes.gracilis,Crop,100,0.0213574324998319,0.0176548470273419,0.0266321364281287,0.0215366173604663,0.0218389192921518,0.00363217928604204
mite,mite,north,,,Ceratozetes.gracilis,TameP,100,0.0305231476958567,0.0243616185846367,0.0361494027316814,0.0304807640689111,0.0304629458166865,0.00454614423963791
mite,mite,north,,,Ceratozetes.gracilis,RoughP,100,0.0517051161204428,0.0408223682381811,0.0667004008409649,0.0516284245607066,0.0529447266778075,0.0102209267710162
mite,mite,north,,,Trhypochthonius.tectorum,WhiteSpruce,100,0.0510006115509917,0.0444169898712104,0.0569229271524928,0.0510483651362441,0.0506739154508793,0.00445688413375979
mite,mite,north,,,Trhypochthonius.tectorum,Pine,100,0.0577113116146177,0.0520831064268319,0.0670810102094354,0.0594751004150133,0.0587026549321239,0.00562915730164634
mite,mite,north,,,Trhypochthonius.tectorum,Deciduous,100,0.0505408687900254,0.0443630647026802,0.0570702363227535,0.0514776313631932,0.0506336354837973,0.00458792381035369
mite,mite,north,,,Trhypochthonius.tectorum,Mixedwood,100,0.0515636312384204,0.0455412512442322,0.0574497729248571,0.0518923527010723,0.0517798324985051,0.00505273284432146
mite,mite,north,,,Trhypochthonius.tectorum,BlackSpruce,100,0.0472870708082623,0.041298809486306,0.0550078765993573,0.0479250894638649,0.0476752142179578,0.0054250784268956
mite,mite,north,,,Trhypochthonius.tectorum,TreedFen,100,0.0403765290973172,0.0351892606972976,0.0470883006717696,0.0408841194527538,0.0407231925186715,0.00433713783369807
mite,mite,north,,,Trhypochthonius.tectorum,TreedSwamp,100,0.0329811819046789,0.0276885614829463,0.0393056546598911,0.033440734757267,0.0332427776554696,0.00452606619284316
mite,mite,north,,,Trhypochthonius.tectorum,GraminoidFen,100,0.0401533382325904,0.0347794192392877,0.0465765041371538,0.0407667314478653,0.040578059211378,0.00437539498663048
mite,mite,north,,,Trhypochthonius.tectorum,ShrubbyFen,100,0.0399680062170593,0.0353002983443287,0.0468532085727764,0.040625299041178,0.0404837549848476,0.00430369804024975
mite,mite,north,,,Trhypochthonius.tectorum,ShrubbyBog,100,0.0465285695045314,0.0405631674946304,0.0535938162152349,0.0468903066670746,0.046641395377786,0.0051354068350446
mite,mite,north,,,Trhypochthonius.tectorum,ShrubbySwamp,100,0.0285532696069059,0.0250284053612327,0.0325754403236589,0.0286964469315836,0.0287356757160903,0.00313266476669192
mite,mite,north,,,Trhypochthonius.tectorum,Marsh,100,0.0343293489830874,0.0298174555986555,0.0390898705423903,0.0341610990357597,0.0346394031953998,0.00405625067844123
mite,mite,north,,,Trhypochthonius.tectorum,Shrub,100,0.0269801984044545,0.0184703295148817,0.0361026878788468,0.0282145223452054,0.0274756802816401,0.00746156356265599
mite,mite,north,,,Trhypochthonius.tectorum,Grass,100,0.0385312342617813,0.0241343272433626,0.0547717035372114,0.0390477719581986,0.0383979248221989,0.0115027935850492
mite,mite,north,,,Trhypochthonius.tectorum,CCWhiteSpruceR,100,0.0459015275751805,0.0359476274113591,0.0573079970500523,0.0467252252362432,0.0464214938645434,0.00796453339488423
mite,mite,north,,,Trhypochthonius.tectorum,CCWhiteSpruce1,100,0.0423432753542211,0.0326963030226976,0.0516480325222987,0.0423468795516491,0.0419296828388556,0.006963453245382
mite,mite,north,,,Trhypochthonius.tectorum,CCWhiteSpruce2,100,0.0427917625035456,0.0339309966148455,0.0521645741665505,0.043016752346317,0.0427901739704321,0.00688939201509211
mite,mite,north,,,Trhypochthonius.tectorum,CCWhiteSpruce3,100,0.0427917625035456,0.0339309966148455,0.0521645741665505,0.043016752346317,0.0427901739704321,0.00688939201509211
mite,mite,north,,,Trhypochthonius.tectorum,CCWhiteSpruce4,100,0.0427917625035456,0.0339309966148455,0.0521645741665505,0.043016752346317,0.0427901739704321,0.00688939201509211
mite,mite,north,,,Trhypochthonius.tectorum,CCPineR,100,0.0496987696486271,0.0378192664564276,0.0632383580476402,0.0518112255096306,0.0505954283607586,0.00923496577119304
mite,mite,north,,,Trhypochthonius.tectorum,CCPine1,100,0.0444994018277503,0.0341341129228821,0.0562209564978858,0.0447974822354535,0.0443266808323149,0.00790077393757443
mite,mite,north,,,Trhypochthonius.tectorum,CCPine2,100,0.0446390323172036,0.0345185104196349,0.0561198342500703,0.0449930704020798,0.0445381811845565,0.00782794418844351
mite,mite,north,,,Trhypochthonius.tectorum,CCPine3,100,0.0446390323172036,0.0345185104196349,0.0561198342500703,0.0449930704020798,0.0445381811845565,0.00782794418844351
mite,mite,north,,,Trhypochthonius.tectorum,CCPine4,100,0.0446390323172036,0.0345185104196349,0.0561198342500703,0.0449930704020798,0.0445381811845565,0.00782794418844351
mite,mite,north,,,Trhypochthonius.tectorum,CCDeciduousR,100,0.0448616344913537,0.0334411060458035,0.0561171676893809,0.0451521693584135,0.0451256467790318,0.00850304308525189
mite,mite,north,,,Trhypochthonius.tectorum,CCDeciduous1,100,0.0370965415526003,0.0294970997952037,0.044957402988125,0.0368681428962799,0.0367952293958393,0.00616783622826616
mite,mite,north,,,Trhypochthonius.tectorum,CCDeciduous2,100,0.0401041558340686,0.0318241237636807,0.0476003426153311,0.039821927948205,0.0397203075906696,0.00643959682321921
mite,mite,north,,,Trhypochthonius.tectorum,CCDeciduous3,100,0.0401041558340686,0.0318241237636807,0.0476003426153311,0.039821927948205,0.0397203075906696,0.00643959682321921
mite,mite,north,,,Trhypochthonius.tectorum,CCDeciduous4,100,0.0401041558340686,0.0318241237636807,0.0476003426153311,0.039821927948205,0.0397203075906696,0.00643959682321921
mite,mite,north,,,Trhypochthonius.tectorum,CCMixedwoodR,100,0.0448616344913537,0.0334411060458035,0.0561171676893809,0.0451521693584135,0.0451256467790318,0.00850304308525189
mite,mite,north,,,Trhypochthonius.tectorum,CCMixedwood1,100,0.0370965415526003,0.0294970997952037,0.044957402988125,0.0368681428962799,0.0367952293958393,0.00616783622826616
mite,mite,north,,,Trhypochthonius.tectorum,CCMixedwood2,100,0.0401041558340686,0.0318241237636807,0.0476003426153311,0.039821927948205,0.0397203075906696,0.00643959682321921
mite,mite,north,,,Trhypochthonius.tectorum,CCMixedwood3,100,0.0401041558340686,0.0318241237636807,0.0476003426153311,0.039821927948205,0.0397203075906696,0.00643959682321921
mite,mite,north,,,Trhypochthonius.tectorum,CCMixedwood4,100,0.0401041558340686,0.0318241237636807,0.0476003426153311,0.039821927948205,0.0397203075906696,0.00643959682321921
mite,mite,north,,,Trhypochthonius.tectorum,EnSeismic,100,0.0547524116254089,0.0373698666655023,0.0764347463931894,0.0544387764396551,0.0561347423647788,0.017156387270908
mite,mite,north,,,Trhypochthonius.tectorum,EnSoftLin,100,0.0403436565913583,0.0235211577804601,0.0597719136375779,0.0402530079505476,0.0409216712974844,0.0141392263211451
mite,mite,north,,,Trhypochthonius.tectorum,TrSoftLin,100,0.0374102517516621,0.0243112315672145,0.0530933339800134,0.0363880404889003,0.0378865081987454,0.0127716889395708
mite,mite,north,,,Trhypochthonius.tectorum,HardLin,100,0.0243581550399168,0.0195631171061831,0.0313331259421888,0.0243958652679851,0.0249015310217259,0.00509876663318174
mite,mite,north,,,Trhypochthonius.tectorum,UrbInd,100,0.01955548375457,0.0151646980787135,0.0237276464367136,0.0191105703106928,0.0198224754969184,0.00357155757649296
mite,mite,north,,,Trhypochthonius.tectorum,Wellsites,100,0.0233410566658626,0.0182411698145288,0.0306329839818336,0.023351034935016,0.0239872888938525,0.00531200894900587
mite,mite,north,,,Trhypochthonius.tectorum,Crop,100,0.0154435594713893,0.012609896196333,0.0186572295194573,0.0152304430995811,0.0155580656601119,0.00236414539335821
mite,mite,north,,,Trhypochthonius.tectorum,TameP,100,0.025235820172948,0.0197504426858474,0.0309671289912076,0.024941743213498,0.0252556348249364,0.00432639336605132
mite,mite,north,,,Trhypochthonius.tectorum,RoughP,100,0.0365817748035025,0.026091366411958,0.0483707053449294,0.0375661766298358,0.0368569421383342,0.00860053907567022
mite,mite,south,,,Ceratozetes.gracilis,Loamy,100,0.0216536390168043,0.0170881072973379,0.025868684547372,0.0218423245463604,0.0215170262031307,0.00366897321327935
mite,mite,south,,,Ceratozetes.gracilis,SandyLoam,100,0.0186629889337483,0.0149181271589302,0.0230940885572486,0.0185871549772747,0.0187901635895962,0.00305922807861577
mite,mite,south,,,Ceratozetes.gracilis,ClaySub,100,0.0195341420669798,0.0155324825720062,0.0228917865094462,0.0190796631779778,0.0192914945810115,0.00324637462174499
mite,mite,south,,,Ceratozetes.gracilis,RapidDrain,100,0.0114890481126546,0.00803956709951847,0.0158789114841747,0.0110451655878437,0.0116013557283835,0.00300760735945735
mite,mite,south,,,Ceratozetes.gracilis,Blowout,100,0.0106164302731468,0.00750841241084873,0.0149880205340671,0.0108663421303504,0.0109914572771295,0.00285084223309845
mite,mite,south,,,Ceratozetes.gracilis,ThinBreak,100,0.0100023530575543,0.00713221526399667,0.0151216579187232,0.00996372938352331,0.010576056083143,0.00295273404015073
mite,mite,south,,,Ceratozetes.gracilis,Other,100,0.00285130809642912,0.000101118018037353,0.00743907317965016,0.0042686164608738,0.00350980399830382,0.0038272703327426
mite,mite,south,,,Ceratozetes.gracilis,EnSeismic,100,0.0130401380795003,0.00435366005996197,0.0330754830379015,0.0128342993205689,0.0170814635762266,0.0166525404966921
mite,mite,south,,,Ceratozetes.gracilis,EnSoftLin,100,0.0102924247543619,0.00324650421120936,0.0277486879313866,0.0100953485593809,0.0141490588222097,0.0130399901505624
mite,mite,south,,,Ceratozetes.gracilis,TrSoftLin,100,0.0102847189938328,0.00279080049357203,0.0254343727134683,0.00945493320863686,0.0144058284884293,0.0162798944680607
mite,mite,south,,,Ceratozetes.gracilis,HardLin,100,0.00172706208804757,0.000996929138804491,0.00393348070878101,0.00176154072489266,0.00213010115548512,0.00145912006365012
mite,mite,south,,,Ceratozetes.gracilis,UrbInd,100,0.0039628758778972,0.00211335243425556,0.00710782015189878,0.00425941571595646,0.00426261570874479,0.00191363522851145
mite,mite,south,,,Ceratozetes.gracilis,Wellsites,100,0.0027009806728237,0.00149047759913996,0.00482753019017241,0.00295291600474109,0.00294556322835924,0.00121844007487498
mite,mite,south,,,Ceratozetes.gracilis,Crop,100,0.00112015158953501,0.000621622425743416,0.00166528554264314,0.00116588959329944,0.00114986660736074,0.000438343754479232
mite,mite,south,,,Ceratozetes.gracilis,TameP,100,0.00232266134017774,0.00139360598228216,0.00353940845617135,0.0023921447017999,0.00239362551481446,0.000813973185962879
mite,mite,south,,,Ceratozetes.gracilis,RoughP,100,0.00211685562463439,0.00127547133416824,0.00320495261851502,0.00218127936434137,0.00218626885047647,0.000735849839265448
mite,mite,south,,,Trhypochthonius.tectorum,Loamy,100,0.0470529314676834,0.0376452069298754,0.0573364532768487,0.0467852744100426,0.0471963975350964,0.00757283986936928
mite,mite,south,,,Trhypochthonius.tectorum,SandyLoam,100,0.0393188210496049,0.0317570066163126,0.0505922519547563,0.0397630370091323,0.0403446530565519,0.00723995897255233
mite,mite,south,,,Trhypochthonius.tectorum,ClaySub,100,0.0441221401186896,0.0348258207136508,0.0540688929937451,0.0429142869672478,0.0442173498448386,0.00745688387165952
mite,mite,south,,,Trhypochthonius.tectorum,RapidDrain,100,0.0429446462142846,0.0309531561381015,0.0573176487200439,0.0431738225185761,0.0440169099919195,0.0100075147269474
mite,mite,south,,,Trhypochthonius.tectorum,Blowout,100,0.0613980929107618,0.0444893990555643,0.0800980694171302,0.0612889561023144,0.0621805598273461,0.0136830063795955
mite,mite,south,,,Trhypochthonius.tectorum,ThinBreak,100,0.0488732975000633,0.034807762913829,0.0627557924258179,0.0472879860660164,0.0492254653355117,0.0111923080460222
mite,mite,south,,,Trhypochthonius.tectorum,Other,100,0.0434047494376434,0.0185953184517959,0.0732786601264563,0.0478734329425522,0.0464658745400846,0.0214128096122872
mite,mite,south,,,Trhypochthonius.tectorum,EnSeismic,100,0.00729491531775858,0.00134384078550448,0.0352776795058778,0.00888461717648373,0.0121191464020125,0.0134009865099468
mite,mite,south,,,Trhypochthonius.tectorum,EnSoftLin,100,0.005054862643996,0.000686096697873137,0.028888306158472,0.00723292387135889,0.0100522713976956,0.0123293721152311
mite,mite,south,,,Trhypochthonius.tectorum,TrSoftLin,100,0.00354166934651207,0.000526901991710471,0.0191185163808752,0.00426948908637977,0.00686047524995818,0.00907740456293233
mite,mite,south,,,Trhypochthonius.tectorum,HardLin,100,0.0265810295226765,0.0183667081325354,0.0418300138472186,0.0281443034455901,0.0297306166509946,0.0115605435677219
mite,mite,south,,,Trhypochthonius.tectorum,UrbInd,100,0.0207363761383396,0.0157483535172429,0.0273652110269722,0.0197564607327612,0.0210572000049293,0.00499192984568332
mite,mite,south,,,Trhypochthonius.tectorum,Wellsites,100,0.0224023944118342,0.0168895972496268,0.033419627126577,0.0219652759405907,0.023954850040603,0.00706568665198014
mite,mite,south,,,Trhypochthonius.tectorum,Crop,100,0.017809169135038,0.0136813934657548,0.0223986341927857,0.0177171723605232,0.0179274457683187,0.00341616056207771
mite,mite,south,,,Trhypochthonius.tectorum,TameP,100,0.0329959057560339,0.0247071237519022,0.0425767343304029,0.0334374326549006,0.0335595926782762,0.00692213792534352
mite,mite,south,,,Trhypochthonius.tectorum,RoughP,100,0.0329994435322929,0.0242922933753898,0.0419613581986879,0.0330917206876311,0.0332028650097164,0.006610821542073
vascular_plant,vascular_plant,north,,,Galium.boreale,WhiteSpruce,100,0.127553758484456,0.113289243781686,0.145793199455345,0.128707314176715,0.128796062147493,0.013007661076526
vascular_plant,vascular_plant,north,,,Galium.boreale,Pine,100,0.108955925044229,0.0957676335868903,0.121710750848212,0.108967866096832,0.108351745403268,0.0107265765791882
vascular_plant,vascular_plant,north,,,Galium.boreale,Deciduous,100,0.241372233011862,0.220034122464472,0.266694870222414,0.243876909457892,0.243659484927762,0.0197426930050828
vascular_plant,vascular_plant,north,,,Galium.boreale,Mixedwood,100,0.178778506098878,0.160640646852916,0.202395172918118,0.180205162477876,0.17984344492889,0.0163679473839349
vascular_plant,vascular_plant,north,,,Galium.boreale,BlackSpruce,100,0.0187782142691025,0.015964300046416,0.0226797713763728,0.0190889513235295,0.019041832481739,0.00244056358910533
vascular_plant,vascular_plant,north,,,Galium.boreale,TreedFen,100,0.0182300985481856,0.0155869374274711,0.0213101320238899,0.0184868712710714,0.0183681248477089,0.00226273417160384
vascular_plant,vascular_plant,north,,,Galium.boreale,TreedSwamp,100,0.0489905119990067,0.0406831036041512,0.0588922836638695,0.0502065849301497,0.049668187228406,0.00697805614211441
vascular_plant,vascular_plant,north,,,Galium.boreale,GraminoidFen,100,0.0205710682967682,0.0173260282328867,0.0238196676548976,0.0207928426181494,0.0206389281702567,0.00251882049201599
vascular_plant,vascular_plant,north,,,Galium.boreale,ShrubbyFen,100,0.0197809807291042,0.0170176415190405,0.0232179729140465,0.0201391073392683,0.02003638682334,0.00245452451637146
vascular_plant,vascular_plant,north,,,Galium.boreale,ShrubbyBog,100,0.0189975548566431,0.016106408373278,0.0228984011430078,0.0193388406568705,0.0192790728427318,0.00241270465171995
vascular_plant,vascular_plant,north,,,Galium.boreale,ShrubbySwamp,100,0.0447291601123411,0.0372002282332073,0.0537771294419815,0.045688982509881,0.0449865151048965,0.00628547151128001
vascular_plant,vascular_plant,north,,,Galium.boreale,Marsh,100,0.0400296013396869,0.0339797315283422,0.0482707062137736,0.041347185000327,0.0407750103106754,0.00588771629603271
vascular_plant,vascular_plant,north,,,Galium.boreale,Shrub,100,0.18907722205489,0.158133983291896,0.226967213882432,0.189304761120091,0.19193489701901,0.0276456783157394
vascular_plant,vascular_plant,north,,,Galium.boreale,Grass,100,0.192746378044792,0.157583264970756,0.232822033472814,0.191616359545112,0.192693761026825,0.02997193804278
vascular_plant,vascular_plant,north,,,Galium.boreale,CCWhiteSpruceR,100,0.139771532900036,0.122864642823011,0.163451301515697,0.143043678232451,0.142402520792232,0.0161423405856056
vascular_plant,vascular_plant,north,,,Galium.boreale,CCWhiteSpruce1,100,0.155611334310893,0.134410271192256,0.183467241440467,0.158059058434557,0.157849283808776,0.0189186520059976
vascular_plant,vascular_plant,north,,,Galium.boreale,CCWhiteSpruce2,100,0.147075023373237,0.129067149876702,0.17207528089181,0.148743886710094,0.149318549331036,0.017504025426788
vascular_plant,vascular_plant,north,,,Galium.boreale,CCWhiteSpruce3,100,0.147075023373237,0.129067149876702,0.17207528089181,0.148743886710094,0.149318549331036,0.017504025426788
vascular_plant,vascular_plant,north,,,Galium.boreale,CCWhiteSpruce4,100,0.147075023373237,0.129067149876702,0.17207528089181,0.148743886710094,0.149318549331036,0.017504025426788
vascular_plant,vascular_plant,north,,,Galium.boreale,CCPineR,100,0.126976622075385,0.109938656621522,0.147407721758117,0.126516675922557,0.127832186299505,0.0151248328398744
vascular_plant,vascular_plant,north,,,Galium.boreale,CCPine1,100,0.122513104169474,0.108000083373688,0.145223319244307,0.123115076680262,0.123962737645099,0.0146478698276742
vascular_plant,vascular_plant,north,,,Galium.boreale,CCPine2,100,0.119873522249871,0.106405839563384,0.141816708804904,0.12088426096238,0.121838379620067,0.014209461866893
vascular_plant,vascular_plant,north,,,Galium.boreale,CCPine3,100,0.119873522249871,0.106405839563384,0.141816708804904,0.12088426096238,0.121838379620067,0.014209461866893
vascular_plant,vascular_plant,north,,,Galium.boreale,CCPine4,100,0.119873522249871,0.106405839563384,0.141816708804904,0.12088426096238,0.121838379620067,0.014209461866893
vascular_plant,vascular_plant,north,,,Galium.boreale,CCDeciduousR,100,0.186245878992867,0.158028867231833,0.214167386420386,0.186398225011703,0.186195866339547,0.0216494748185888
vascular_plant,vascular_plant,north,,,Galium.boreale,CCDeciduous1,100,0.23244452871587,0.203199107267026,0.259685430492979,0.232409451432954,0.231840964621742,0.0225002523430394
vascular_plant,vascular_plant,north,,,Galium.boreale,CCDeciduous2,100,0.188871498909763,0.165882114081511,0.21799453956701,0.189116187021577,0.190587986445644,0.021334226566674
vascular_plant,vascular_plant,north,,,Galium.boreale,CCDeciduous3,100,0.188871498909763,0.165882114081511,0.21799453956701,0.189116187021577,0.190587986445644,0.021334226566674
vascular_plant,vascular_plant,north,,,Galium.boreale,CCDeciduous4,100,0.188871498909763,0.165882114081511,0.21799453956701,0.189116187021577,0.190587986445644,0.021334226566674
vascular_plant,vascular_plant,north,,,Galium.boreale,CCMixedwoodR,100,0.186245878992867,0.158028867231833,0.214167386420386,0.186398225011703,0.186195866339547,0.0216494748185888
vascular_plant,vascular_plant,north,,,Galium.boreale,CCMixedwood1,100,0.23244452871587,0.203199107267026,0.259685430492979,0.232409451432954,0.231840964621742,0.0225002523430394
vascular_plant,vascular_plant,north,,,Galium.boreale,CCMixedwood2,100,0.188871498909763,0.165882114081511,0.21799453956701,0.189116187021577,0.190587986445644,0.021334226566674
vascular_plant,vascular_plant,north,,,Galium.boreale,CCMixedwood3,100,0.188871498909763,0.165882114081511,0.21799453956701,0.189116187021577,0.190587986445644,0.021334226566674
vascular_plant,vascular_plant,north,,,Galium.boreale,CCMixedwood4,100,0.188871498909763,0.165882114081511,0.21799453956701,0.189116187021577,0.190587986445644,0.021334226566674
vascular_plant,vascular_plant,north,,,Galium.boreale,EnSeismic,100,0.0684127509811156,0.0461026705159623,0.0902429019148571,0.0666893133709304,0.0689755583869489,0.0158138857163119
vascular_plant,vascular_plant,north,,,Galium.boreale,EnSoftLin,100,0.0657473898696688,0.0451327378465087,0.085281441946568,0.0632085789748528,0.0649343941875756,0.0145829472393909
vascular_plant,vascular_plant,north,,,Galium.boreale,TrSoftLin,100,0.0681060743732122,0.0481327167421853,0.0919013653345719,0.0681813236346331,0.0709321070591346,0.0170495782117984
vascular_plant,vascular_plant,north,,,Galium.boreale,HardLin,100,0.0290796037159192,0.0226468944868902,0.0371235878593936,0.0304014203144609,0.0298044336668042,0.00586063788962763
vascular_plant,vascular_plant,north,,,Galium.boreale,UrbInd,100,0.0314455583025649,0.0243668260868827,0.0390372701872881,0.0323859521239614,0.0315530323558585,0.00584114067994535
vascular_plant,vascular_plant,north,,,Galium.boreale,Wellsites,100,0.0291970725038963,0.0238113981197312,0.0382847796733579,0.0313114303488669,0.0305656324578105,0.00660294912502294
vascular_plant,vascular_plant,north,,,Galium.boreale,Crop,100,0.0111652842565444,0.00880517519519721,0.0136809290660141,0.0114819275038514,0.0113227914177259,0.00193888932017755
vascular_plant,vascular_plant,north,,,Galium.boreale,TameP,100,0.0269173744709538,0.022161090016068,0.0351044154738296,0.0283837215953415,0.0277503822450967,0.00501106373570373
vascular_plant,vascular_plant,north,,,Galium.boreale,RoughP,100,0.0521909976524265,0.0417966506150089,0.0641619106018613,0.0532646872909717,0.0529717525667589,0.00973795593720889
vascular_plant,vascular_plant,north,,,Vicia.americana,WhiteSpruce,100,0.0718938762699661,0.065522696765919,0.0798106439015097,0.0717211911881468,0.0725977267567331,0.00563682804127588
vascular_plant,vascular_plant,north,,,Vicia.americana,Pine,100,0.0728131267960009,0.0654406767176047,0.0809459002779932,0.0717443897992296,0.0728749487408402,0.0058785135142674
vascular_plant,vascular_plant,north,,,Vicia.americana,Deciduous,100,0.175077778947436,0.160477428709062,0.190250604332435,0.174528296976248,0.17569683865892,0.011256562044079
vascular_plant,vascular_plant,north,,,Vicia.americana,Mixedwood,100,0.124747004168891,0.112997101961524,0.137620684398948,0.123903841395087,0.12516922700485,0.0096249396448139
vascular_plant,vascular_plant,north,,,Vicia.americana,BlackSpruce,100,0.0110328507388287,0.0096399806180506,0.0130858712423737,0.0110635169948055,0.0112685399330146,0.00134343272899701
vascular_plant,vascular_plant,north,,,Vicia.americana,TreedFen,100,0.0113471842207546,0.00964942926341955,0.013113823637351,0.0111781283427943,0.0113828092292095,0.00146545726852783
vascular_plant,vascular_plant,north,,,Vicia.americana,TreedSwamp,100,0.0517168416386495,0.0428941150967696,0.0582602738231228,0.0505384149026876,0.0512297805540599,0.00605747635095315
vascular_plant,vascular_plant,north,,,Vicia.americana,GraminoidFen,100,0.0131292956458153,0.0111313158989054,0.0151950003456498,0.0128602111397556,0.0131824466140795,0.00166985702505421
vascular_plant,vascular_plant,north,,,Vicia.americana,ShrubbyFen,100,0.0130557210422519,0.011170589861637,0.0149638550509235,0.0127117113440904,0.0130775185102786,0.00162119223031025
vascular_plant,vascular_plant,north,,,Vicia.americana,ShrubbyBog,100,0.0114543665391066,0.0100663755576266,0.0135024169520157,0.0114521553910913,0.0116726682614781,0.00136050206238942
vascular_plant,vascular_plant,north,,,Vicia.americana,ShrubbySwamp,100,0.0484390085818499,0.0402914981342877,0.055126029820677,0.0467803608934761,0.0476897065339272,0.0058260170421952
vascular_plant,vascular_plant,north,,,Vicia.americana,Marsh,100,0.0426084194139497,0.0357335702041887,0.0503816410277392,0.0426749909362641,0.0429269157877606,0.0056115466343738
vascular_plant,vascular_plant,north,,,Vicia.americana,Shrub,100,0.134463632651396,0.111079537665107,0.167506911738807,0.129561071424494,0.136418372918483,0.0229473091150908
vascular_plant,vascular_plant,north,,,Vicia.americana,Grass,100,0.145695104101512,0.119734577295392,0.174889591224679,0.140899561631048,0.147070367329623,0.022344266089559
vascular_plant,vascular_plant,north,,,Vicia.americana,CCWhiteSpruceR,100,0.114550306373856,0.0993089964475131,0.131361775920081,0.113324612808195,0.115487525143517,0.0132164795710855
vascular_plant,vascular_plant,north,,,Vicia.americana,CCWhiteSpruce1,100,0.14103703098598,0.124028035673944,0.162202698291648,0.140904763899433,0.143082044614008,0.0154031178112864
vascular_plant,vascular_plant,north,,,Vicia.americana,CCWhiteSpruce2,100,0.131953034684507,0.113615097220766,0.151869368310281,0.129378591587472,0.131853207828598,0.0156539808144563
vascular_plant,vascular_plant,north,,,Vicia.americana,CCWhiteSpruce3,100,0.131953034684507,0.113615097220766,0.151869368310281,0.129378591587472,0.131853207828598,0.0156539808144563
vascular_plant,vascular_plant,north,,,Vicia.americana,CCWhiteSpruce4,100,0.131953034684507,0.113615097220766,0.151869368310281,0.129378591587472,0.131853207828598,0.0156539808144563
vascular_plant,vascular_plant,north,,,Vicia.americana,CCPineR,100,0.11508620494656,0.0994156544963205,0.13244408431865,0.113106276644051,0.11552562193363,0.0131618121776528
vascular_plant,vascular_plant,north,,,Vicia.americana,CCPine1,100,0.123142537606029,0.105632230140533,0.143490829969477,0.121735348725543,0.124258421760436,0.0145751442917898
vascular_plant,vascular_plant,north,,,Vicia.americana,CCPine2,100,0.119705316322808,0.103641193950962,0.140619276756987,0.118682344001148,0.121257985010326,0.0145795484691634
vascular_plant,vascular_plant,north,,,Vicia.americana,CCPine3,100,0.119705316322808,0.103641193950962,0.140619276756987,0.118682344001148,0.121257985010326,0.0145795484691634
vascular_plant,vascular_plant,north,,,Vicia.americana,CCPine4,100,0.119705316322808,0.103641193950962,0.140619276756987,0.118682344001148,0.121257985010326,0.0145795484691634
vascular_plant,vascular_plant,north,,,Vicia.americana,CCDeciduousR,100,0.152124830067326,0.133544864165947,0.175305638727617,0.151623580611421,0.153461778458343,0.0173557629909717
vascular_plant,vascular_plant,north,,,Vicia.americana,CCDeciduous1,100,0.184659133485438,0.166142068257671,0.205228943128526,0.183212683986236,0.185204680261222,0.0177851175609689
vascular_plant,vascular_plant,north,,,Vicia.americana,CCDeciduous2,100,0.157097813486801,0.140716060116589,0.176780860327043,0.156982604814944,0.159013311175707,0.01626923578841
vascular_plant,vascular_plant,north,,,Vicia.americana,CCDeciduous3,100,0.157097813486801,0.140716060116589,0.176780860327043,0.156982604814944,0.159013311175707,0.01626923578841
vascular_plant,vascular_plant,north,,,Vicia.americana,CCDeciduous4,100,0.157097813486801,0.140716060116589,0.176780860327043,0.156982604814944,0.159013311175707,0.01626923578841
vascular_plant,vascular_plant,north,,,Vicia.americana,CCMixedwoodR,100,0.152124830067326,0.133544864165947,0.175305638727617,0.151623580611421,0.153461778458343,0.0173557629909717
vascular_plant,vascular_plant,north,,,Vicia.americana,CCMixedwood1,100,0.184659133485438,0.166142068257671,0.205228943128526,0.183212683986236,0.185204680261222,0.0177851175609689
vascular_plant,vascular_plant,north,,,Vicia.americana,CCMixedwood2,100,0.157097813486801,0.140716060116589,0.176780860327043,0.156982604814944,0.159013311175707,0.01626923578841
vascular_plant,vascular_plant,north,,,Vicia.americana,CCMixedwood3,100,0.157097813486801,0.140716060116589,0.176780860327043,0.156982604814944,0.159013311175707,0.01626923578841
vascular_plant,vascular_plant,north,,,Vicia.americana,CCMixedwood4,100,0.157097813486801,0.140716060116589,0.176780860327043,0.156982604814944,0.159013311175707,0.01626923578841
vascular_plant,vascular_plant,north,,,Vicia.americana,EnSeismic,100,0.227984185699081,0.182697762644403,0.268075547778391,0.216656015711896,0.22549833720806,0.0350942267380164
vascular_plant,vascular_plant,north,,,Vicia.americana,EnSoftLin,100,0.251898960152857,0.197501604057775,0.303794430527756,0.240353254005159,0.250615724994273,0.0428020965716178
vascular_plant,vascular_plant,north,,,Vicia.americana,TrSoftLin,100,0.193360163656671,0.152735846909453,0.233564003895846,0.185413846451138,0.194440633110592,0.032222108284406
vascular_plant,vascular_plant,north,,,Vicia.americana,HardLin,100,0.0503517083933858,0.0406906810771272,0.057207565447589,0.0494242045429297,0.0502807016445855,0.00685847508732078
vascular_plant,vascular_plant,north,,,Vicia.americana,UrbInd,100,0.0569429183862386,0.0467741046942416,0.0698021645350327,0.0570164101210413,0.0577366825930307,0.00915124018474235
vascular_plant,vascular_plant,north,,,Vicia.americana,Wellsites,100,0.0582542415293737,0.0492420688838092,0.072522262101972,0.0583800066861835,0.0592289801070774,0.00918535165247656
vascular_plant,vascular_plant,north,,,Vicia.americana,Crop,100,0.0211500724874513,0.0173461431155818,0.0255989585678105,0.020499648487122,0.0211699145247759,0.00303604961753705
vascular_plant,vascular_plant,north,,,Vicia.americana,TameP,100,0.0435672149887537,0.0373869653969824,0.0510944416333782,0.0435685547091363,0.044313221722824,0.00563223862688737
vascular_plant,vascular_plant,north,,,Vicia.americana,RoughP,100,0.043846430274289,0.0351508187542827,0.0537746650557631,0.0428632794956036,0.0443637398984316,0.00706146660401651
vascular_plant,vascular_plant,south,,,Galium.boreale,Loamy,100,0.129500940974137,0.115939309445366,0.142274497903155,0.129566548831882,0.129240853795985,0.0115416674256052
vascular_plant,vascular_plant,south,,,Galium.boreale,SandyLoam,100,0.0857250013819348,0.074918471210341,0.0955729389327586,0.0846341790254643,0.0851598736210075,0.00833736021508994
vascular_plant,vascular_plant,south,,,Galium.boreale,ClaySub,100,0.106687868360369,0.0945989972253909,0.118118926321666,0.106582920663178,0.106854880512545,0.00967661294897962
vascular_plant,vascular_plant,south,,,Galium.boreale,RapidDrain,100,0.0444259052224488,0.0370887507031826,0.0544787766009444,0.0448318785090138,0.0454968404778373,0.00732755620188049
vascular_plant,vascular_plant,south,,,Galium.boreale,Blowout,100,0.0494917415022332,0.0400908509128027,0.0607316821253998,0.0506231282331206,0.0503188623756279,0.0084026342739103
vascular_plant,vascular_plant,south,,,Galium.boreale,ThinBreak,100,0.050196369920066,0.0417742214072058,0.0617894587769758,0.051022562219615,0.0513379224827594,0.00822845380908435
vascular_plant,vascular_plant,south,,,Galium.boreale,Other,100,0.017627591043033,0.00832319478531489,0.0262510663473293,0.0177197087652051,0.017666003959619,0.00762654707576144
vascular_plant,vascular_plant,south,,,Galium.boreale,EnSeismic,100,0.0298332308491259,0.00665290942030116,0.0883739859793193,0.0287456404184259,0.0393855192253098,0.031448344876531
vascular_plant,vascular_plant,south,,,Galium.boreale,EnSoftLin,100,0.0356643308697568,0.00815049483193348,0.0962598538206375,0.0329811808897455,0.044956194023266,0.0364568897668611
vascular_plant,vascular_plant,south,,,Galium.boreale,TrSoftLin,100,0.0151785468876201,0.00315552839085169,0.0469611481992711,0.0143164876649795,0.0223359571021198,0.0227776011061573
vascular_plant,vascular_plant,south,,,Galium.boreale,HardLin,100,0.00530533940676456,0.00357352907909973,0.00769820184184741,0.00538608376568717,0.00552156158485169,0.00163740166004282
vascular_plant,vascular_plant,south,,,Galium.boreale,UrbInd,100,0.00513913795154246,0.00340813940966367,0.00765270261403539,0.00519980939835304,0.00523551607625795,0.0015142317430679
vascular_plant,vascular_plant,south,,,Galium.boreale,Wellsites,100,0.0075659534991398,0.00468498736027471,0.010499833024864,0.00769427442003421,0.00762310484662108,0.0024315841748219
vascular_plant,vascular_plant,south,,,Galium.boreale,Crop,100,0.00220924093158883,0.0016315224352595,0.00292405129721133,0.00225132683231577,0.0022324280717503,0.000517350089267903
vascular_plant,vascular_plant,south,,,Galium.boreale,TameP,100,0.00435782124370936,0.00318179566112214,0.00598717741751823,0.00460921237816997,0.00448619710295349,0.00115215504127008
vascular_plant,vascular_plant,south,,,Galium.boreale,RoughP,100,0.00676055646464444,0.00497274280972717,0.00939454269522582,0.00706698519527935,0.00699789083679393,0.00181974186477918
vascular_plant,vascular_plant,south,,,Vicia.americana,Loamy,100,0.265972148373478,0.242287028584286,0.292996262069099,0.273848614363572,0.268599613290613,0.0211926916218184
vascular_plant,vascular_plant,south,,,Vicia.americana,SandyLoam,100,0.235273442190418,0.210669358202386,0.2556676178462,0.239431294773893,0.233973068361635,0.0193118427691581
vascular_plant,vascular_plant,south,,,Vicia.americana,ClaySub,100,0.288960584282476,0.26080611763151,0.312347722688886,0.291486932950625,0.285342627501447,0.0213426405353579
vascular_plant,vascular_plant,south,,,Vicia.americana,RapidDrain,100,0.145101330988633,0.125225402064062,0.172908596854141,0.149586849572318,0.146948753219377,0.0197577211901731
vascular_plant,vascular_plant,south,,,Vicia.americana,Blowout,100,0.103255761150176,0.0855803189991817,0.119522691203027,0.103869081093715,0.102814719445737,0.0145407069929839
vascular_plant,vascular_plant,south,,,Vicia.americana,ThinBreak,100,0.16348293728827,0.137954755437052,0.192107090305501,0.165570611241508,0.163566383765758,0.0221510355545733
vascular_plant,vascular_plant,south,,,Vicia.americana,Other,100,0.104089826815298,0.061125190047659,0.142683171579958,0.102651600983928,0.103085689284634,0.0309931807594616
vascular_plant,vascular_plant,south,,,Vicia.americana,EnSeismic,100,0.14221481558795,0.0695404958743992,0.255946616619785,0.142317281363727,0.149598673965513,0.0723962381693527
vascular_plant,vascular_plant,south,,,Vicia.americana,EnSoftLin,100,0.181462585200596,0.0987020255490379,0.325824340743188,0.184942717247886,0.193602241082009,0.084865760436336
vascular_plant,vascular_plant,south,,,Vicia.americana,TrSoftLin,100,0.0815692405916386,0.0396564843391643,0.171492515686953,0.0865561569046063,0.0958107335873707,0.0567018478528168
vascular_plant,vascular_plant,south,,,Vicia.americana,HardLin,100,0.0310763764532084,0.0247188818481437,0.0406604173221723,0.0319213954295495,0.0316277142678068,0.00609188143308462
vascular_plant,vascular_plant,south,,,Vicia.americana,UrbInd,100,0.0240985318144326,0.0177443606501332,0.0338942420684754,0.0250464912812154,0.0250630230245002,0.00613341942247783
vascular_plant,vascular_plant,south,,,Vicia.americana,Wellsites,100,0.0252581376812261,0.0185153826242813,0.0353645894229116,0.0262553863998158,0.0263994257398057,0.00667184958399021
vascular_plant,vascular_plant,south,,,Vicia.americana,Crop,100,0.0220865654232207,0.0178076846647027,0.0265483658480201,0.0226673334870154,0.0222516342022707,0.00366254182999097
vascular_plant,vascular_plant,south,,,Vicia.americana,TameP,100,0.029914062581048,0.0230508386019083,0.0354564538178308,0.0306301444015498,0.0295993258154593,0.0048628156572677
vascular_plant,vascular_plant,south,,,Vicia.americana,RoughP,100,0.0365057939530349,0.0288807230736535,0.0445328884121597,0.0374123655632768,0.0364482426262393,0.00580554468813297
